-- phpMyAdmin SQL Dump
-- version 4.6.5.2
-- https://www.phpmyadmin.net/
--
-- Хост: 127.0.0.1:3306
-- Время создания: Дек 24 2018 г., 16:15
-- Версия сервера: 5.5.53
-- Версия PHP: 5.6.29

SET SQL_MODE = "NO_AUTO_VALUE_ON_ZERO";
SET time_zone = "+00:00";


/*!40101 SET @OLD_CHARACTER_SET_CLIENT=@@CHARACTER_SET_CLIENT */;
/*!40101 SET @OLD_CHARACTER_SET_RESULTS=@@CHARACTER_SET_RESULTS */;
/*!40101 SET @OLD_COLLATION_CONNECTION=@@COLLATION_CONNECTION */;
/*!40101 SET NAMES utf8mb4 */;

--
-- База данных: `yiilpshop_1`
--

-- --------------------------------------------------------

--
-- Структура таблицы `offer`
--

CREATE TABLE `offer` (
  `id` int(11) NOT NULL,
  `uid` varchar(50) NOT NULL,
  `name` text NOT NULL,
  `id_product` int(11) NOT NULL
) ENGINE=InnoDB DEFAULT CHARSET=utf8;

--
-- Дамп данных таблицы `offer`
--

INSERT INTO `offer` (`id`, `uid`, `name`, `id_product`) VALUES
(1, 'b266eb26-bae6-11e6-80c3-0cc47ad95011', 'Аэлита бандана лен белый', 1),
(2, '1eb8068c-bba8-11e6-80c3-0cc47ad95011', 'Аэлита бандана лен солома солнечная', 1),
(3, 'f76798c1-f535-11e7-80d1-0cc47ad95011', 'Августина бандана лен белый', 2),
(4, 'd52d3274-f536-11e7-80d1-0cc47ad95011', 'Августина бандана лен солома солнечная', 2),
(5, '96e3fc85-f537-11e7-80d1-0cc47ad95011', 'Августина бандана лен желтый', 2),
(6, 'b42d6f2b-f537-11e7-80d1-0cc47ad95011', 'Августина бандана лен чайная роза', 2),
(7, 'd72aa627-f537-11e7-80d1-0cc47ad95011', 'Августина бандана лен аквамарин светлый', 2),
(8, 'f008681f-f537-11e7-80d1-0cc47ad95011', 'Августина бандана лен бирюзовый', 2),
(9, '1b605085-f538-11e7-80d1-0cc47ad95011', 'Августина бандана лен синий', 2),
(10, '3b612234-f538-11e7-80d1-0cc47ad95011', 'Августина бандана лен джинсовый', 2),
(11, '5efefb30-f538-11e7-80d1-0cc47ad95011', 'Августина бандана лен синий речной', 2),
(12, '854dea67-f538-11e7-80d1-0cc47ad95011', 'Августина бандана лен серо - голубой', 2),
(13, 'a659f4b4-f538-11e7-80d1-0cc47ad95011', 'Августина бандана лен коралловый', 2),
(14, 'dc7773d6-f538-11e7-80d1-0cc47ad95011', 'Августина бандана лен золотисто - коричневый', 2),
(15, 'cc8a8ae7-f539-11e7-80d1-0cc47ad95011', 'Августина бандана лен мятный', 2),
(16, 'c3bf8a5d-0fc4-11e8-80d4-0cc47ad95011', 'Августина бандана лен бронзовый', 2);

-- --------------------------------------------------------

--
-- Структура таблицы `offer_photo`
--

CREATE TABLE `offer_photo` (
  `id` int(11) NOT NULL,
  `id_offer` int(11) NOT NULL,
  `id_photo` int(11) NOT NULL
) ENGINE=InnoDB DEFAULT CHARSET=utf8;

--
-- Дамп данных таблицы `offer_photo`
--

INSERT INTO `offer_photo` (`id`, `id_offer`, `id_photo`) VALUES
(1, 3, 1),
(2, 7, 2),
(3, 7, 3),
(4, 7, 4),
(5, 10, 5),
(6, 10, 6),
(7, 16, 7);

-- --------------------------------------------------------

--
-- Структура таблицы `offer_property`
--

CREATE TABLE `offer_property` (
  `id` int(11) NOT NULL,
  `uid` varchar(50) NOT NULL,
  `name` text NOT NULL,
  `alias` text NOT NULL
) ENGINE=InnoDB DEFAULT CHARSET=utf8;

--
-- Дамп данных таблицы `offer_property`
--

INSERT INTO `offer_property` (`id`, `uid`, `name`, `alias`) VALUES
(1, '25d3dc37-081c-11e7-80c4-0cc47ad95011', 'Цвет для сайта', 'cvet-dlya-sayta'),
(2, '722d23bd-095d-11e7-80c4-0cc47ad95011', 'Новинка', 'novinka'),
(3, 'ea339e70-362d-11e7-80c6-0cc47ad95011', 'Цвет', 'cvet'),
(4, '67483191-2239-11e6-8115-8c89a5330538', 'Размер', 'razmer'),
(5, 'a108b456-2239-11e6-8115-8c89a5330538', 'Использовать на сайте', 'ispolzovat-na-sayte');

-- --------------------------------------------------------

--
-- Структура таблицы `offer_property_matching`
--

CREATE TABLE `offer_property_matching` (
  `id` int(11) NOT NULL,
  `id_offer` int(11) NOT NULL,
  `id_property` int(11) NOT NULL,
  `id_property_value` int(11) NOT NULL
) ENGINE=InnoDB DEFAULT CHARSET=utf8;

--
-- Дамп данных таблицы `offer_property_matching`
--

INSERT INTO `offer_property_matching` (`id`, `id_offer`, `id_property`, `id_property_value`) VALUES
(1, 1, 1, 18),
(2, 1, 2, 18),
(3, 1, 3, 1026),
(4, 1, 4, 18),
(5, 1, 5, 17),
(6, 2, 1, 1),
(7, 2, 2, 17),
(8, 2, 3, 1049),
(9, 2, 4, 18),
(10, 2, 5, 17),
(11, 3, 1, 2),
(12, 3, 2, 18),
(13, 3, 3, 1026),
(14, 3, 4, 18),
(15, 3, 5, 17),
(16, 4, 1, 1),
(17, 4, 2, 18),
(18, 4, 3, 1049),
(19, 4, 4, 18),
(20, 4, 5, 17),
(21, 5, 1, 5),
(22, 5, 2, 18),
(23, 5, 3, 1044),
(24, 5, 4, 18),
(25, 5, 5, 17),
(26, 6, 1, 1),
(27, 6, 2, 18),
(28, 6, 3, 1045),
(29, 6, 4, 18),
(30, 6, 5, 17),
(31, 7, 1, 4),
(32, 7, 2, 18),
(33, 7, 3, 1046),
(34, 7, 4, 18),
(35, 7, 5, 17),
(36, 8, 1, 4),
(37, 8, 2, 18),
(38, 8, 3, 926),
(39, 8, 4, 18),
(40, 8, 5, 17),
(41, 9, 1, 13),
(42, 9, 2, 18),
(43, 9, 3, 1053),
(44, 9, 4, 18),
(45, 9, 5, 17),
(46, 10, 1, 13),
(47, 10, 2, 18),
(48, 10, 3, 1048),
(49, 10, 4, 1237),
(50, 10, 5, 17),
(51, 11, 1, 13),
(52, 11, 2, 18),
(53, 11, 3, 1052),
(54, 11, 4, 18),
(55, 11, 5, 17),
(56, 12, 1, 12),
(57, 12, 2, 18),
(58, 12, 3, 1047),
(59, 12, 4, 18),
(60, 12, 5, 17),
(61, 13, 1, 8),
(62, 13, 2, 18),
(63, 13, 3, 1058),
(64, 13, 4, 18),
(65, 13, 5, 17),
(66, 14, 1, 7),
(67, 14, 2, 18),
(68, 14, 3, 1072),
(69, 14, 4, 18),
(70, 14, 5, 17),
(71, 15, 1, 6),
(72, 15, 2, 18),
(73, 15, 3, 1051),
(74, 15, 4, 18),
(75, 15, 5, 17),
(76, 16, 1, 7),
(77, 16, 2, 18),
(78, 16, 3, 505),
(79, 16, 4, 18),
(80, 16, 5, 17);

-- --------------------------------------------------------

--
-- Структура таблицы `offer_property_value`
--

CREATE TABLE `offer_property_value` (
  `id` int(11) NOT NULL,
  `uid` varchar(50) NOT NULL,
  `value` text NOT NULL,
  `id_property_name` int(11) NOT NULL
) ENGINE=InnoDB DEFAULT CHARSET=utf8;

--
-- Дамп данных таблицы `offer_property_value`
--

INSERT INTO `offer_property_value` (`id`, `uid`, `value`, `id_property_name`) VALUES
(1, 'ec9b6b64-094b-11e7-80c4-0cc47ad95011', 'Бежевый', 1),
(2, 'f3b24583-094b-11e7-80c4-0cc47ad95011', 'Белый', 1),
(3, 'fbf80044-094b-11e7-80c4-0cc47ad95011', 'Бордовый', 1),
(4, '3e340328-5287-11e7-80c9-0cc47ad95011', 'голубой', 1),
(5, '022272f8-094c-11e7-80c4-0cc47ad95011', 'Желтый', 1),
(6, '022272f9-094c-11e7-80c4-0cc47ad95011', 'Зеленый', 1),
(7, '0dd073ef-094c-11e7-80c4-0cc47ad95011', 'Коричневый', 1),
(8, '0dd073f0-094c-11e7-80c4-0cc47ad95011', 'Красный', 1),
(9, '190c1092-094c-11e7-80c4-0cc47ad95011', 'Молочный', 1),
(10, '200f7e6e-094c-11e7-80c4-0cc47ad95011', 'Мультицвет', 1),
(11, '200f7e6f-094c-11e7-80c4-0cc47ad95011', 'Розовый', 1),
(12, '2b7abd24-094c-11e7-80c4-0cc47ad95011', 'Серый', 1),
(13, '31c6937d-094c-11e7-80c4-0cc47ad95011', 'Синий', 1),
(14, '37e2ba04-094c-11e7-80c4-0cc47ad95011', 'Сиреневый', 1),
(15, '3de7070b-094c-11e7-80c4-0cc47ad95011', 'Фиолетовый', 1),
(16, '3de7070c-094c-11e7-80c4-0cc47ad95011', 'Черный', 1),
(17, 'true', 'Да', 2),
(18, 'false', 'Нет', 2),
(19, 'a682f88a-d5af-11e8-beb9-2c56dc4b33b3', 'велюр коричневый темный', 3),
(20, '2f440d9b-50bc-11e7-bf79-2c56dc4b33b3', 'ангора брусника', 3),
(21, '0fc9d20a-d2b0-11e8-80ef-0cc47ad95011', 'молочный+кружево молочный', 3),
(22, '543251c9-5631-11e7-ada3-2c56dc4b33b3', 'ангора слива', 3),
(23, '543251ca-5631-11e7-ada3-2c56dc4b33b3', 'комильфо красный', 3),
(24, '543251cb-5631-11e7-ada3-2c56dc4b33b3', 'трикотаж фиолетовый темный', 3),
(25, '543251cc-5631-11e7-ada3-2c56dc4b33b3', 'трикотаж молоко', 3),
(26, 'b5ac791d-d1df-11e8-80ef-0cc47ad95011', 'Кожа перфорация серый + К3 серый меланж', 3),
(27, '5dcc42b7-d2ae-11e8-80ef-0cc47ad95011', 'шелк армани красный+принт розовый', 3),
(28, '1de24b45-d2af-11e8-80ef-0cc47ad95011', 'шелк армани персиковый+принт персиковый', 3),
(29, 'e9d65bf9-d2af-11e8-80ef-0cc47ad95011', 'молочный+молочный кружево', 3),
(30, 'dac8b860-d12e-11e8-80ef-0cc47ad95011', 'черничный', 3),
(31, 'fd7ac285-d12f-11e8-80ef-0cc47ad95011', 'красный меланж', 3),
(32, '86f8689b-cd2d-11e8-80ef-0cc47ad95011', 'изумруд', 3),
(33, 'e5301b8c-cd33-11e8-80ef-0cc47ad95011', 'олива', 3),
(34, 'a1adeb13-556f-11e7-a75e-2c56dc4b33b3', 'иск замша коричневый', 3),
(35, '44bf723a-4450-11e8-8e1c-2c56dc4b33b3', 'твил черный серебро', 3),
(36, '74857478-e6c6-11e7-8faa-2c56dc4b33b3', 'шерсть вареная черная 100%', 3),
(37, '7485747a-e6c6-11e7-8faa-2c56dc4b33b3', 'мохер люрекс в ассортименте', 3),
(38, '7485747c-e6c6-11e7-8faa-2c56dc4b33b3', 'Астраган в ассортименте', 3),
(39, '7485747e-e6c6-11e7-8faa-2c56dc4b33b3', 'трикотаж бугола в ассортименте', 3),
(40, '74857480-e6c6-11e7-8faa-2c56dc4b33b3', 'трикотаж Погони в ассортименте', 3),
(41, '74857482-e6c6-11e7-8faa-2c56dc4b33b3', 'Трикотаж в ассортименте', 3),
(42, 'a75f312d-969f-11e7-93dc-2c56dc4b33b3', 'цветок коричневый', 3),
(43, '6a0eb6a7-bbaa-11e7-9a35-2c56dc4b33b3', 'трикотаж К1 в ассортименте', 3),
(44, '6a0eb6a8-bbaa-11e7-9a35-2c56dc4b33b3', 'шерсть ассорти', 3),
(45, '6a0eb6a9-bbaa-11e7-9a35-2c56dc4b33b3', 'букле петелька ассорти', 3),
(46, '6a0eb6ab-bbaa-11e7-9a35-2c56dc4b33b3', 'твид ассорти', 3),
(47, '6a0eb6ac-bbaa-11e7-9a35-2c56dc4b33b3', 'букле петелька серо-белая', 3),
(48, '6a0eb6ad-bbaa-11e7-9a35-2c56dc4b33b3', 'шерсть пайетки в ассортименте', 3),
(49, '3aa8c6a0-5704-11e7-81f4-2c56dc4b33b3', 'ангора серый', 3),
(50, '3aa8c6a1-5704-11e7-81f4-2c56dc4b33b3', 'ангора черная', 3),
(51, '19170f9b-58b2-11e7-8251-2c56dc4b33b3', 'Замша ассорти', 3),
(52, '67c3ea21-dbd2-11e7-82fb-2c56dc4b33b3', 'ангора ассорти', 3),
(53, '0c05d110-d758-11e8-80f0-0cc47ad95011', 'жемчужный', 3),
(54, 'ca4537cf-d83f-11e8-80f2-0cc47ad95011', 'фиалковый', 3),
(55, '98d3db0a-d842-11e8-80f2-0cc47ad95011', 'вязка ассорти', 3),
(56, 'ba53bd9a-d867-11e8-80f2-0cc47ad95011', 'искусственная замша ассорти', 3),
(57, '98985fdc-ce03-11e8-80ef-0cc47ad95011', 'велюр серый темный', 3),
(58, '01ac961e-d07b-11e8-80ef-0cc47ad95011', 'персиковый 27', 3),
(59, '7e1d2e08-d07b-11e8-80ef-0cc47ad95011', 'горчица 12', 3),
(60, 'be026aa7-d07b-11e8-80ef-0cc47ad95011', 'цирконий 78', 3),
(61, '088d3a5e-d07c-11e8-80ef-0cc47ad95011', 'черный 77', 3),
(62, '4b27f326-d07c-11e8-80ef-0cc47ad95011', 'капучино 12', 3),
(63, '95f4295b-d07c-11e8-80ef-0cc47ad95011', 'шоколад 137', 3),
(64, 'cca16be8-d07c-11e8-80ef-0cc47ad95011', 'сапфировый 85', 3),
(65, '079916ca-d07d-11e8-80ef-0cc47ad95011', 'мятный 37', 3),
(66, '0848ca92-cbaa-11e8-80ef-0cc47ad95011', 'тонак пушистый ассорти', 3),
(67, '8ecaca6d-c89a-11e8-80ef-0cc47ad95011', 'твид фиолетовый', 3),
(68, '6ea849a6-c89b-11e8-80ef-0cc47ad95011', 'ржавчина', 3),
(69, '37d076c0-c89d-11e8-80ef-0cc47ad95011', 'Замша голубой', 3),
(70, '675625f2-c89d-11e8-80ef-0cc47ad95011', 'охра', 3),
(71, '954d566a-c89d-11e8-80ef-0cc47ad95011', 'аквамарин', 3),
(72, '48239090-bcdb-11e8-80ef-0cc47ad95011', 'трикотаж буклированный ассорти', 3),
(73, 'b3d8775a-bd9c-11e8-80ef-0cc47ad95011', 'твид елка арабская ночь', 3),
(74, '439ef9be-c21b-11e8-80ef-0cc47ad95011', 'лен розовый горох', 3),
(75, '47519c51-c22b-11e8-80ef-0cc47ad95011', 'лен коричневый + розово-коричневая клетка', 3),
(76, '7fb99185-c239-11e8-80ef-0cc47ad95011', 'лен синий + синяя клетка', 3),
(77, 'ba435874-c23a-11e8-80ef-0cc47ad95011', 'лен черный + черно-белая клетка', 3),
(78, '8b6a2b90-c23b-11e8-80ef-0cc47ad95011', 'лен коричневый + бежевая клетка', 3),
(79, '89ec022e-c23c-11e8-80ef-0cc47ad95011', 'лен синий + сине-коричневая клетка', 3),
(80, 'dab48ef8-c250-11e8-80ef-0cc47ad95011', 'кожа белый', 3),
(81, 'e903ffc3-c2eb-11e8-80ef-0cc47ad95011', 'кожа ассорти', 3),
(82, '6eb7acf4-c2ec-11e8-80ef-0cc47ad95011', 'велюр асорти', 3),
(83, '95aa862d-c2ec-11e8-80ef-0cc47ad95011', 'велюр ассорти', 3),
(84, '3f6d766b-c552-11e8-80ef-0cc47ad95011', 'кашемир морковь', 3),
(85, 'c0646c7e-c6fe-11e8-80ef-0cc47ad95011', 'Замша зеркало', 3),
(86, 'f985f1e6-c703-11e8-80ef-0cc47ad95011', 'ткань твид в ассортименте', 3),
(87, '94d28f6f-b751-11e8-80eb-0cc47ad95011', 'искусственная замша серый ', 3),
(88, 'a7fb9789-ba49-11e8-80eb-0cc47ad95011', 'трикотаж брусничный', 3),
(89, '28cdbec7-ba4a-11e8-80eb-0cc47ad95011', 'трикотаж синий стальной', 3),
(90, 'f18097f1-ba4a-11e8-80eb-0cc47ad95011', 'иск замша коричневый темный', 3),
(91, '7eb687b1-bc01-11e8-80ef-0cc47ad95011', 'кашемир галассио сиреневый', 3),
(92, '872ab529-bc01-11e8-80ef-0cc47ad95011', 'галассио сиреневый', 3),
(93, 'fa8cce8e-9bcb-11e8-80e8-0cc47ad95011', 'Коричневый темный меланж', 3),
(94, '3a160803-9bce-11e8-80e8-0cc47ad95011', 'Замша иск коричневый', 3),
(95, 'e0d192ec-9bd3-11e8-80e8-0cc47ad95011', 'иск замша синий', 3),
(96, 'e272652f-9be0-11e8-80e8-0cc47ad95011', 'синий пепельный', 3),
(97, 'a61ee3ed-bd9d-11e8-80ef-0cc47ad95011', 'лен голубой светлый', 3),
(98, 'f7834205-bd9e-11e8-80ef-0cc47ad95011', 'лен белый + черная клетка', 3),
(99, '216842d9-bda0-11e8-80ef-0cc47ad95011', 'лен клетка черно - белый', 3),
(100, '2c38a998-bda0-11e8-80ef-0cc47ad95011', 'лен клетка черно - белый', 3),
(101, '531da503-bda0-11e8-80ef-0cc47ad95011', 'лен клетка сине - коричневый', 3),
(102, 'b30ff36e-bda0-11e8-80ef-0cc47ad95011', 'лен клетка синий', 3),
(103, '25435f59-bda1-11e8-80ef-0cc47ad95011', 'лен клетка бежевый', 3),
(104, '76e86986-bda3-11e8-80ef-0cc47ad95011', 'кожа бело-серый ', 3),
(105, 'ea5a9170-bda3-11e8-80ef-0cc47ad95011', 'кожа бело-радужный', 3),
(106, '3607b4a6-bda4-11e8-80ef-0cc47ad95011', 'кожа бело-коричневый', 3),
(107, '9b56096f-bda4-11e8-80ef-0cc47ad95011', 'твид елка винный', 3),
(108, '8803d9e9-bda6-11e8-80ef-0cc47ad95011', 'велюр фуксия', 3),
(109, '8c44cffa-bda8-11e8-80ef-0cc47ad95011', 'Замша кэмел', 3),
(110, '98d8fe94-bdaa-11e8-80ef-0cc47ad95011', 'лен орнамент джинсовый', 3),
(111, 'd783dc73-bdaa-11e8-80ef-0cc47ad95011', 'лен бирюзовый светлый', 3),
(112, '185d6dc7-bdab-11e8-80ef-0cc47ad95011', 'лен гавайка белый', 3),
(113, 'eb91e67c-bdab-11e8-80ef-0cc47ad95011', 'лен горох розовый', 3),
(114, '2d2be5bc-bdac-11e8-80ef-0cc47ad95011', 'лен батик черный', 3),
(115, '98bcbc03-bdac-11e8-80ef-0cc47ad95011', 'лен батик синий', 3),
(116, '10c19955-bdad-11e8-80ef-0cc47ad95011', 'лен клетка розово-коричневый', 3),
(117, '7aef54e0-bdae-11e8-80ef-0cc47ad95011', 'Замша сафари', 3),
(118, 'e04bce0f-bdae-11e8-80ef-0cc47ad95011', 'Замша перламутр', 3),
(119, 'b998b649-bfc6-11e8-80ef-0cc47ad95011', 'твид елка антрацит', 3),
(120, '11ed053f-bfc7-11e8-80ef-0cc47ad95011', 'твид елка коричневый темный', 3),
(121, 'deedc4f0-bfc7-11e8-80ef-0cc47ad95011', 'твид елка зеленый', 3),
(122, '14e4657d-9c7a-11e8-80e8-0cc47ad95011', 'лен голубая лагуна', 3),
(123, '039809ad-9c86-11e8-80e8-0cc47ad95011', 'лен фуксия', 3),
(124, '715bfb08-9c88-11e8-80e8-0cc47ad95011', 'лен вишневый', 3),
(125, 'db1a72a3-9c8c-11e8-80e8-0cc47ad95011', 'лен голубой', 3),
(126, '58ee1a7e-9c96-11e8-80e8-0cc47ad95011', 'лен пудра', 3),
(127, '174dfbac-9c97-11e8-80e8-0cc47ad95011', 'белый + васильковый яркий', 3),
(128, '34e4f155-9c97-11e8-80e8-0cc47ad95011', 'лен белый + вишневый', 3),
(129, '48c8c48a-9c97-11e8-80e8-0cc47ad95011', 'лен белый + джинса', 3),
(130, 'a95936f9-9c9b-11e8-80e8-0cc47ad95011', 'лен белый + васильковый', 3),
(131, '5e5b841e-9eca-11e8-80e8-0cc47ad95011', 'лен чернослив', 3),
(132, '532c571c-9efb-11e8-80e8-0cc47ad95011', 'трикотаж Погони черничный меланж', 3),
(133, 'd2e85adb-9f93-11e8-80e8-0cc47ad95011', 'лен солома + оливковый', 3),
(134, 'eaa07667-9f93-11e8-80e8-0cc47ad95011', 'лен солома + чайная роза', 3),
(135, '4d7269ac-9faf-11e8-80e8-0cc47ad95011', 'лен желто + бирюзовый ', 3),
(136, '5e72c741-9faf-11e8-80e8-0cc47ad95011', 'лен желто-бирюзовый', 3),
(137, '5c00f096-a44b-11e8-80e8-0cc47ad95011', 'серо - черный', 3),
(138, '708d52f0-a604-11e8-80ea-0cc47ad95011', 'ангора серо + лиловый', 3),
(139, 'f515ae02-a6a7-11e8-80ea-0cc47ad95011', 'искусственная замша синий темный', 3),
(140, '58ad5cf9-a6a8-11e8-80ea-0cc47ad95011', 'искусственная замша серый светлый', 3),
(141, 'a2264576-a6a8-11e8-80ea-0cc47ad95011', 'искусственная замша какао темный', 3),
(142, '707b0e8c-a6ab-11e8-80ea-0cc47ad95011', 'искусственная замша брусничный', 3),
(143, '662c1405-aabb-11e8-80ea-0cc47ad95011', 'трикотаж стальной синий', 3),
(144, 'e8eb3bbb-ab63-11e8-80ea-0cc47ad95011', 'горчичный светлый', 3),
(145, 'cbedc5fd-af3f-11e8-80ea-0cc47ad95011', 'велюр черный', 3),
(146, 'daa72d26-af3f-11e8-80ea-0cc47ad95011', 'велюр хаки', 3),
(147, 'e84bb67b-af3f-11e8-80ea-0cc47ad95011', 'велюр синий темный', 3),
(148, 'f55cfec3-af3f-11e8-80ea-0cc47ad95011', 'велюр серый светлый', 3),
(149, 'fe621466-af3f-11e8-80ea-0cc47ad95011', 'велюр маренго', 3),
(150, '0c584430-af40-11e8-80ea-0cc47ad95011', 'велюр красный', 3),
(151, '18c77cbc-af40-11e8-80ea-0cc47ad95011', 'велюр коричневый', 3),
(152, '21d77c0e-af40-11e8-80ea-0cc47ad95011', 'велюр вишневый', 3),
(153, '42f4f966-af40-11e8-80ea-0cc47ad95011', 'велюр молоко', 3),
(154, '95847ad7-af40-11e8-80ea-0cc47ad95011', 'велюр бордовый', 3),
(155, '4c6bdb21-af44-11e8-80ea-0cc47ad95011', 'велюр зеленый', 3),
(156, 'd3420b0c-af60-11e8-80ea-0cc47ad95011', 'искусственная кожа черный', 3),
(157, '12eb5ea7-af66-11e8-80ea-0cc47ad95011', 'велюр коричневый светлый', 3),
(158, '30ee6fd7-af66-11e8-80ea-0cc47ad95011', 'велюр бирюзовый', 3),
(159, '6e6bea6d-af76-11e8-80ea-0cc47ad95011', 'велюр чайная роза', 3),
(160, '94ef8152-af76-11e8-80ea-0cc47ad95011', 'велюр розовый', 3),
(161, 'a30add7b-af76-11e8-80ea-0cc47ad95011', 'велюр персиковый', 3),
(162, '2058c1c6-af7c-11e8-80ea-0cc47ad95011', 'ангора серый жемчуг', 3),
(163, 'b676f616-b33e-11e8-80ea-0cc47ad95011', 'Замша искусственная', 3),
(164, '6bc1587f-b66f-11e8-80eb-0cc47ad95011', 'Астраган бургундия', 3),
(165, '83dd93d3-285d-11e8-80d5-0cc47ad95011', 'Астраган бордовый', 3),
(166, 'ead3137d-2d9d-11e8-80d6-0cc47ad95011', 'Трикотаж елочка серый', 3),
(167, '9be7ed73-6b22-11e8-80e2-0cc47ad95011', ' белый + черный', 3),
(168, '88d2c530-6bb2-11e8-80e2-0cc47ad95011', 'Ассорти', 3),
(169, 'f8358b6f-6ef7-11e8-80e3-0cc47ad95011', 'черешневый', 3),
(170, '4440ef16-6f03-11e8-80e3-0cc47ad95011', 'тонак бургундское вино', 3),
(171, '9c927027-6f9d-11e8-80e3-0cc47ad95011', 'тонак фиолетовый яркий', 3),
(172, 'ad7c7cfb-6f9d-11e8-80e3-0cc47ad95011', 'тонак фиолетовый темный', 3),
(173, 'f01c9d53-6f9d-11e8-80e3-0cc47ad95011', 'тонак стальной ', 3),
(174, 'a737a833-6fa0-11e8-80e3-0cc47ad95011', 'тонак розовый нежный', 3),
(175, '4e8fc6ac-6fa1-11e8-80e3-0cc47ad95011', 'тонак пурпурный темный', 3),
(176, '8f223f80-6fa1-11e8-80e3-0cc47ad95011', 'тонак оранжевый яркий', 3),
(177, 'bc525772-6fa1-11e8-80e3-0cc47ad95011', 'тонак молочный шоколад', 3),
(178, '6c35803b-6fa2-11e8-80e3-0cc47ad95011', 'тонак красный темный', 3),
(179, '7c73965f-6fa3-11e8-80e3-0cc47ad95011', 'тонак кари', 3),
(180, 'fe9f7aa7-6fa3-11e8-80e3-0cc47ad95011', 'тонак голубой светлый', 3),
(181, '1a641097-6fa4-11e8-80e3-0cc47ad95011', 'тонак вино', 3),
(182, '74c53d0f-3278-11e8-80d7-0cc47ad95011', 'Замша малина', 3),
(183, '9c991dd1-3278-11e8-80d7-0cc47ad95011', 'Замша серый темный', 3),
(184, 'b63e1b5e-3278-11e8-80d7-0cc47ad95011', 'Замша фиолетовый', 3),
(185, 'c553041e-3278-11e8-80d7-0cc47ad95011', 'Замша оранжевый', 3),
(186, '31281b86-6959-11e8-80e2-0cc47ad95011', 'кашемир вино', 3),
(187, '6ecc37fc-695c-11e8-80e2-0cc47ad95011', 'кашемир синий', 3),
(188, '0e059fc9-6a45-11e8-80e2-0cc47ad95011', 'маренго', 3),
(189, '87e1ad37-6a45-11e8-80e2-0cc47ad95011', 'серый светлый', 3),
(190, '25335448-6a46-11e8-80e2-0cc47ad95011', 'вишневый', 3),
(191, '5718b48f-6a48-11e8-80e2-0cc47ad95011', 'хаки', 3),
(192, '82fbf73f-6aeb-11e8-80e2-0cc47ad95011', 'персиковый', 3),
(193, '0bc9563d-6bce-11e8-80e2-0cc47ad95011', 'роуз 654', 3),
(194, '3ee027e7-6bce-11e8-80e2-0cc47ad95011', 'черный 616', 3),
(195, '6e41d816-6bce-11e8-80e2-0cc47ad95011', 'серый 613', 3),
(196, 'eeb040e2-6bd0-11e8-80e2-0cc47ad95011', 'жемчуг 606', 3),
(197, 'e3e5c50d-6edc-11e8-80e3-0cc47ad95011', ' черный + белый', 3),
(198, '04750c3f-6bcc-11e8-80e2-0cc47ad95011', 'вишневый 649', 3),
(199, 'd0b52153-6fe9-11e8-80e3-0cc47ad95011', 'Замша арабская ночь + кожа арабская ночь', 3),
(200, '2aff2d6d-6fea-11e8-80e3-0cc47ad95011', 'Замша коричневый темный + кожа коричневый темный', 3),
(201, '5db559e5-6fea-11e8-80e3-0cc47ad95011', 'Замша красная + кожа красная', 3),
(202, '83ec0c77-6fea-11e8-80e3-0cc47ad95011', 'Замша лесной орех + кожа лесной орех', 3),
(203, 'e950a349-6fea-11e8-80e3-0cc47ad95011', 'Замша сапфир + кожа сапфировый', 3),
(204, '3bffafe0-6feb-11e8-80e3-0cc47ad95011', 'Замша черная + кожа черный', 3),
(205, 'c76976e3-7069-11e8-80e3-0cc47ad95011', 'трикотаж коричневый', 3),
(206, 'cc6a6adc-7097-11e8-80e3-0cc47ad95011', 'ангора асфальт', 3),
(207, '607a49cb-7098-11e8-80e3-0cc47ad95011', 'ангора черешня', 3),
(208, '22b8a5a7-709e-11e8-80e3-0cc47ad95011', 'ангора коричневый темный', 3),
(209, '230f5739-709f-11e8-80e3-0cc47ad95011', 'ангора голубой темный', 3),
(210, '617c657f-709f-11e8-80e3-0cc47ad95011', 'ангора красный', 3),
(211, 'b8dc1796-72e9-11e8-80e3-0cc47ad95011', 'кашемир серый темный + пайетки серая клетка', 3),
(212, '82b9ed60-72eb-11e8-80e3-0cc47ad95011', 'шерсть мохер диагональ сиреневый', 3),
(213, '06992237-72ee-11e8-80e3-0cc47ad95011', 'кашемир сиреневый темный', 3),
(214, '138dec68-738b-11e8-80e3-0cc47ad95011', 'кашемир красная земля', 3),
(215, '8b241dd4-7089-11e8-80e3-0cc47ad95011', 'кашемир мышиный', 3),
(216, '98d9a569-708f-11e8-80e3-0cc47ad95011', 'ангора кофе с молоком', 3),
(217, 'c3e02985-7091-11e8-80e3-0cc47ad95011', 'ангора серо - лиловый', 3),
(218, '749529f8-7092-11e8-80e3-0cc47ad95011', 'черешня', 3),
(219, 'a227be44-7092-11e8-80e3-0cc47ad95011', 'ангора синий темный', 3),
(220, 'ff41d682-73b4-11e8-80e3-0cc47ad95011', 'твид оливковый', 3),
(221, '0c023492-73b5-11e8-80e3-0cc47ad95011', 'твид синий', 3),
(222, 'e3527c65-73b5-11e8-80e3-0cc47ad95011', 'трикотаж слива + пион', 3),
(223, '9a06e276-37ef-11e8-80d7-0cc47ad95011', 'букле петелька крупная зеленая + песец', 3),
(224, 'bb91af7e-37ef-11e8-80d7-0cc47ad95011', 'букле петелька крупная коричневая + песец', 3),
(225, 'ef06b26d-37ef-11e8-80d7-0cc47ad95011', 'букле петелька крупная серая + песец', 3),
(226, '2e402a50-37f0-11e8-80d7-0cc47ad95011', 'букле петелька крупная синяя + песец', 3),
(227, '3ffc0488-37f0-11e8-80d7-0cc47ad95011', 'букле петелька крупная сиреневая + песец', 3),
(228, '539b00b2-37f0-11e8-80d7-0cc47ad95011', 'букле петелька мелкая коричневая + песец', 3),
(229, '6f0a3af2-37f0-11e8-80d7-0cc47ad95011', 'букле петелька мелкая красная +песец', 3),
(230, '8bae7095-37f0-11e8-80d7-0cc47ad95011', 'букле петелька мелкая пепел + песец', 3),
(231, 'b981c87e-37f0-11e8-80d7-0cc47ad95011', 'букле петелька мелкая серая + песец', 3),
(232, '654b33d3-3999-11e8-80d7-0cc47ad95011', 'Замша фреска черная', 3),
(233, 'c7162394-399b-11e8-80d7-0cc47ad95011', 'Шанель ткань млечный путь', 3),
(234, 'e94772a5-399b-11e8-80d7-0cc47ad95011', 'Шанель ткань портвейн', 3),
(235, '20c04380-399c-11e8-80d7-0cc47ad95011', 'Шанель ткань серый жемчуг', 3),
(236, 'c4164328-3bbb-11e8-80d7-0cc47ad95011', 'Шанель ткань бежевый блюз', 3),
(237, 'f60f9ac8-3bbb-11e8-80d7-0cc47ad95011', 'Шанель ткань белый агат', 3),
(238, '15d8c82f-3bbc-11e8-80d7-0cc47ad95011', 'Шанель ткань золотая олива', 3),
(239, '861d599e-3bbc-11e8-80d7-0cc47ad95011', 'Шанель ткань синее сияние', 3),
(240, 'c20c83ba-3bbc-11e8-80d7-0cc47ad95011', 'Шанель ткань розовый жемчуг', 3),
(241, 'a387d322-3be5-11e8-80d7-0cc47ad95011', 'Замша бордовый гобелен', 3),
(242, '1779dfe9-3be6-11e8-80d7-0cc47ad95011', 'Замша рептилия серый', 3),
(243, '504386d8-3be6-11e8-80d7-0cc47ad95011', 'Кожа сиреневый рептилия', 3),
(244, '7c94ec87-3be6-11e8-80d7-0cc47ad95011', 'Замша рептилия каштановый', 3),
(245, 'e12c9fc8-3be6-11e8-80d7-0cc47ad95011', 'Замша лазер бордовый', 3),
(246, '0fea0562-3be7-11e8-80d7-0cc47ad95011', 'Замша полоска медь черный', 3),
(247, '30ba5ac1-3be7-11e8-80d7-0cc47ad95011', 'Замша космо черный', 3),
(248, '5dca8880-3be7-11e8-80d7-0cc47ad95011', 'Замша бежевый гобелен', 3),
(249, '83fdb4f9-3be7-11e8-80d7-0cc47ad95011', 'Замша пепельный гобелен', 3),
(250, 'de00d979-3be7-11e8-80d7-0cc47ad95011', 'Замша коричневый гобелен', 3),
(251, '2879b681-3be8-11e8-80d7-0cc47ad95011', 'Замша золото-бежевый фреска', 3),
(252, '653bb8b7-3be8-11e8-80d7-0cc47ad95011', 'Замша цветы фреска бежевый ', 3),
(253, '90aad3e0-3be8-11e8-80d7-0cc47ad95011', 'Замша цветы фреска коричневый', 3),
(254, '57eecc8b-3be9-11e8-80d7-0cc47ad95011', 'Замша горчичный фреска', 3),
(255, '79a954e3-3be9-11e8-80d7-0cc47ad95011', 'Замша бордовый фреска', 3),
(256, '9ef014e2-3be9-11e8-80d7-0cc47ad95011', 'Замша коричневый фреска', 3),
(257, 'ccf876e5-3be9-11e8-80d7-0cc47ad95011', 'Замша песочный фреска', 3),
(258, '3e8c755a-43a4-11e8-80d9-0cc47ad95011', 'шерсть вареная серый', 3),
(259, '7fd6a860-4465-11e8-80da-0cc47ad95011', 'Трикотаж буклированный молочный', 3),
(260, 'bdb0c5d0-4466-11e8-80da-0cc47ad95011', 'Трикотаж буклированный какао', 3),
(261, 'f494d771-4466-11e8-80da-0cc47ad95011', 'Трикотаж буклированный вишневый', 3),
(262, '2cf10e53-4467-11e8-80da-0cc47ad95011', 'Трикотаж буклированный джинсовый', 3),
(263, '54146ada-4467-11e8-80da-0cc47ad95011', 'Трикотаж буклированный черничный', 3),
(264, '789ca5cb-4467-11e8-80da-0cc47ad95011', 'Трикотаж буклированный фиолетовый', 3),
(265, '943617c4-4467-11e8-80da-0cc47ad95011', 'Трикотаж буклированный морская волна', 3),
(266, 'b676252a-4467-11e8-80da-0cc47ad95011', 'Трикотаж буклированный винный', 3),
(267, 'ea89f51b-4467-11e8-80da-0cc47ad95011', 'Трикотаж буклированный коричневый', 3),
(268, '0f1a96ad-4468-11e8-80da-0cc47ad95011', 'Трикотаж буклированный черный', 3),
(269, '2a042e85-446c-11e8-80da-0cc47ad95011', 'Твид цветы коричневый', 3),
(270, 'b708240d-4473-11e8-80da-0cc47ad95011', 'Замша полоска блеск меланж серебро', 3),
(271, 'c1b60d0e-4474-11e8-80da-0cc47ad95011', 'Замша полоска блеск меланж золото', 3),
(272, 'ae52d3bd-46bb-11e8-80da-0cc47ad95011', 'кашемир бежевый клетка', 3),
(273, '202605a0-51d1-11e8-80de-0cc47ad95011', 'твид черный меланж', 3),
(274, '5814b34c-51d1-11e8-80de-0cc47ad95011', 'твид синий меланж ', 3),
(275, '7689c6a0-51d1-11e8-80de-0cc47ad95011', 'твид коричневый меланж ', 3),
(276, '252f355a-5445-11e8-80df-0cc47ad95011', 'черно-красный', 3),
(277, '6b78da33-3336-11e8-80d7-0cc47ad95011', 'шерсть пайетки коричневая клетка + кашемир', 3),
(278, '77d06c0c-3336-11e8-80d7-0cc47ad95011', 'шерсть пайетки серая клетка + кашемир', 3),
(279, '80588329-3336-11e8-80d7-0cc47ad95011', 'шерсть пайетки черная + кашемир', 3),
(280, 'f89dcce5-333d-11e8-80d7-0cc47ad95011', 'Шанель ткань арабская ночь', 3),
(281, '24866ccf-333e-11e8-80d7-0cc47ad95011', 'Шанель ткань черный антрацит', 3),
(282, 'abb78c20-341a-11e8-80d7-0cc47ad95011', 'Замша бирюза темная', 3),
(283, 'f62ab0fb-3646-11e8-80d7-0cc47ad95011', 'трикотаж бугола красный', 3),
(284, '1329102a-326f-11e8-80d7-0cc47ad95011', 'Замша каштан', 3),
(285, 'f0b1e4cc-2e9d-11e8-80d7-0cc47ad95011', 'шерсть мохер серый', 3),
(286, '9ca52ee2-30ca-11e8-80d7-0cc47ad95011', 'иск замша серый', 3),
(287, '6398339a-31a9-11e8-80d7-0cc47ad95011', 'тонак сиреневый', 3),
(288, '6a8d7c0d-31b9-11e8-80d7-0cc47ad95011', 'тонак синий королевский', 3),
(289, '88550473-3257-11e8-80d7-0cc47ad95011', 'шерсть мохер елка брусника', 3),
(290, '88550474-3257-11e8-80d7-0cc47ad95011', 'шерсть мохер елка коричневый', 3),
(291, '4f9e50fa-3260-11e8-80d7-0cc47ad95011', 'шерсть пайетки черные', 3),
(292, 'e8325761-3260-11e8-80d7-0cc47ad95011', 'ангора сирень клетка', 3),
(293, '1afb8235-7931-11e8-80e3-0cc47ad95011', 'кашемир гусиные лапки серый', 3),
(294, '2bd1af15-793c-11e8-80e3-0cc47ad95011', 'тонак сирень пепельная', 3),
(295, '89713cdf-79f6-11e8-80e3-0cc47ad95011', 'мохер букле черный', 3),
(296, '5fec127e-7a9f-11e8-80e3-0cc47ad95011', 'букле петелька крупная зеленая+мохер люрекс серый', 3),
(297, '6dede169-7a9f-11e8-80e3-0cc47ad95011', 'букле петелька крупная коричневая+мохер люрекс сер', 3),
(298, '808bdcbc-7a9f-11e8-80e3-0cc47ad95011', 'букле петелька крупная коричн+трик коричневый темн', 3),
(299, '8e950592-7a9f-11e8-80e3-0cc47ad95011', 'букле петелька крупная серая+мохер люрекс серый', 3),
(300, '9bf7167c-7a9f-11e8-80e3-0cc47ad95011', 'букле петелька крупная синяя+мохер люрекс серый', 3),
(301, 'a64925cb-7a9f-11e8-80e3-0cc47ad95011', 'букле петелька крупная синяя+мохер люрекс сер тем', 3),
(302, 'cdb729f3-7a9f-11e8-80e3-0cc47ad95011', 'букле петелька крупная сирень+ мохер люрекс серый', 3),
(303, 'e7053055-7a9f-11e8-80e3-0cc47ad95011', 'шерсть петелька мелкая коричневая', 3),
(304, '0201a492-7abd-11e8-80e3-0cc47ad95011', 'букле рубчик молоко + трикотаж молоко', 3),
(305, 'e44e4e97-7ad8-11e8-80e3-0cc47ad95011', 'кашемир клюква', 3),
(306, '6a0904c0-7ad9-11e8-80e3-0cc47ad95011', 'кашемир миндаль', 3),
(307, '366c9994-7b62-11e8-80e3-0cc47ad95011', 'тонак бирюзовый темный', 3),
(308, 'daa49529-7b6c-11e8-80e3-0cc47ad95011', 'мохер букле слива + пион', 3),
(309, '6032e36d-7b8a-11e8-80e3-0cc47ad95011', 'кашемир рыжий', 3),
(310, 'c1d1bd77-7b9d-11e8-80e3-0cc47ad95011', 'ангора трикотаж гусинные лапки', 3),
(311, '28c1eb71-7e87-11e8-80e5-0cc47ad95011', 'персиковая пудра', 3),
(312, 'b20a18c9-7e8a-11e8-80e5-0cc47ad95011', 'баклажановый', 3),
(313, '83b76be5-7e8c-11e8-80e5-0cc47ad95011', 'серо-лиловый', 3),
(314, 'ee4196da-7e93-11e8-80e5-0cc47ad95011', 'белое золото', 3),
(315, '2c765125-7ea7-11e8-80e5-0cc47ad95011', 'черный мюнхен', 3),
(316, '3cfedfd6-7eaf-11e8-80e5-0cc47ad95011', 'бежевый меланж', 3),
(317, 'be1de71b-7eaf-11e8-80e5-0cc47ad95011', 'кофейный меланж', 3),
(318, '2affc3a7-7f51-11e8-80e5-0cc47ad95011', 'серый меланж', 3),
(319, 'e37aae11-7f58-11e8-80e5-0cc47ad95011', 'брусничный', 3),
(320, '67d1a56b-7f5e-11e8-80e5-0cc47ad95011', 'серый темный меланж', 3),
(321, 'c1cb7d6a-7f5e-11e8-80e5-0cc47ad95011', 'синий меланж', 3),
(322, '6bf2c354-7f7b-11e8-80e5-0cc47ad95011', 'сиреневый меланж', 3),
(323, '0787319c-7f7d-11e8-80e5-0cc47ad95011', 'винный меланж', 3),
(324, '941e923d-7f7e-11e8-80e5-0cc47ad95011', 'кофейный ', 3),
(325, '6e36e360-8052-11e8-80e5-0cc47ad95011', 'трикотаж маренго', 3),
(326, '9ca713b5-8052-11e8-80e5-0cc47ad95011', 'Трикотаж кофейный', 3),
(327, 'c5af7ae2-8053-11e8-80e5-0cc47ad95011', 'кремовый', 3),
(328, '1cb20bd4-80ec-11e8-80e5-0cc47ad95011', 'темно-фиолетовый', 3),
(329, '12f914b0-752d-11e8-80e3-0cc47ad95011', 'бирюзовый светлый', 3),
(330, '19304bfa-753b-11e8-80e3-0cc47ad95011', 'тонак бордовый темный', 3),
(331, '981555df-75f7-11e8-80e3-0cc47ad95011', 'кашемир черный + кружево', 3),
(332, '37ee461d-75fa-11e8-80e3-0cc47ad95011', 'фиолетово-черный', 3),
(333, 'd3a9316c-7845-11e8-80e3-0cc47ad95011', 'букле петелька мелкая коричневая + кашемир кор', 3),
(334, 'e027bc30-784b-11e8-80e3-0cc47ad95011', 'трикотаж ягодный', 3),
(335, 'b460658a-7852-11e8-80e3-0cc47ad95011', 'трикотаж бежево-розовый', 3),
(336, '8cb13840-785f-11e8-80e3-0cc47ad95011', 'Замша бирюза светлый', 3),
(337, '25c6ed5d-7860-11e8-80e3-0cc47ad95011', 'Замша коньяк', 3),
(338, '35f02f5d-786b-11e8-80e3-0cc47ad95011', 'твид елка джинсовый', 3),
(339, '4695f461-786c-11e8-80e3-0cc47ad95011', 'твид елка коричневый', 3),
(340, 'b57e6e7f-7870-11e8-80e3-0cc47ad95011', 'кашемир серый клетка', 3),
(341, '483673b0-7871-11e8-80e3-0cc47ad95011', 'кашемир сандал', 3),
(342, '86454493-7871-11e8-80e3-0cc47ad95011', 'кашемир серо-голубой', 3),
(343, '06f6ee01-7873-11e8-80e3-0cc47ad95011', 'твид серый', 3),
(344, '4de4ccda-7873-11e8-80e3-0cc47ad95011', 'галассио коричневый', 3),
(345, '70a25376-787b-11e8-80e3-0cc47ad95011', 'кашемир брусника + кружево', 3),
(346, '7f4b42cc-787b-11e8-80e3-0cc47ad95011', 'кашемир кофе + кружево', 3),
(347, '9f04e170-787b-11e8-80e3-0cc47ad95011', 'кашемир сирень + кружево', 3),
(348, 'bb96b441-787b-11e8-80e3-0cc47ad95011', 'кашемир сливовый + кружево', 3),
(349, '7714f98d-7906-11e8-80e3-0cc47ad95011', 'меланж коричневый', 3),
(350, '8f915b6d-73bc-11e8-80e3-0cc47ad95011', 'кашемир коричневый', 3),
(351, '013e5d8e-7479-11e8-80e3-0cc47ad95011', 'тонак серо-голубой', 3),
(352, 'bf592acd-748f-11e8-80e3-0cc47ad95011', 'тонак черный меланж', 3),
(353, '1c2d062e-8663-11e8-80e5-0cc47ad95011', 'арабская ночь', 3),
(354, '2054c094-8665-11e8-80e5-0cc47ad95011', 'бежевый блюз', 3),
(355, 'b02879b0-8666-11e8-80e5-0cc47ad95011', 'золотая олива', 3),
(356, '181ea10d-8668-11e8-80e5-0cc47ad95011', 'розовый жемчуг', 3),
(357, 'd66f38dd-8668-11e8-80e5-0cc47ad95011', 'серый жемчуг', 3),
(358, 'd0aee812-8669-11e8-80e5-0cc47ad95011', 'черный антрацит', 3),
(359, 'a022b197-866b-11e8-80e5-0cc47ad95011', 'синее сияние', 3),
(360, '185d2e0d-88cf-11e8-80e6-0cc47ad95011', 'твид елка оливковый', 3),
(361, 'aa1e685a-88ed-11e8-80e6-0cc47ad95011', 'иней ', 3),
(362, 'aa1e685b-88ed-11e8-80e6-0cc47ad95011', 'иней 637', 3),
(363, 'b955c709-88ed-11e8-80e6-0cc47ad95011', 'белый 611', 3),
(364, '1a1f5d30-88ef-11e8-80e6-0cc47ad95011', 'пудра 633', 3),
(365, '1beb6974-88f1-11e8-80e6-0cc47ad95011', 'рубин 623', 3),
(366, '6a353e1c-88f1-11e8-80e6-0cc47ad95011', 'светло серый 612', 3),
(367, '13690310-88f2-11e8-80e6-0cc47ad95011', 'небесный 632', 3),
(368, '00a67b62-8988-11e8-80e6-0cc47ad95011', 'молочный 062', 3),
(369, '1c74de36-8988-11e8-80e6-0cc47ad95011', 'молочный 063', 3),
(370, '1072eb26-898d-11e8-80e6-0cc47ad95011', 'черный 006', 3),
(371, '3b1d4659-898d-11e8-80e6-0cc47ad95011', 'индиго 019', 3),
(372, '765dbaa2-8991-11e8-80e6-0cc47ad95011', 'стальной 034', 3),
(373, '9e493bb9-8991-11e8-80e6-0cc47ad95011', 'маренго 022', 3),
(374, '46225fc0-8992-11e8-80e6-0cc47ad95011', 'сирень 023', 3),
(375, '6935eb0a-8992-11e8-80e6-0cc47ad95011', 'роуз 051', 3),
(376, 'a067e522-8992-11e8-80e6-0cc47ad95011', 'малахит 028', 3),
(377, '6f5a0520-8994-11e8-80e6-0cc47ad95011', 'миндальный', 3),
(378, '9a3f5020-8a56-11e8-80e6-0cc47ad95011', 'трикотаж кремовый', 3),
(379, '4b212c04-8a57-11e8-80e6-0cc47ad95011', 'трикотаж бордовый', 3),
(380, '734a9689-8a57-11e8-80e6-0cc47ad95011', 'трикотаж какао темный', 3),
(381, '8259ddd4-8a5b-11e8-80e6-0cc47ad95011', 'трикотаж серо-бежевый', 3),
(382, 'd26d4449-8bef-11e8-80e6-0cc47ad95011', 'Шанель ткань ассорти', 3),
(383, '02dad8d3-8bf0-11e8-80e6-0cc47ad95011', 'шанель ткань ассорти', 3),
(384, '8976dd98-8bf0-11e8-80e6-0cc47ad95011', 'шоколад', 3),
(385, 'cf9d52ce-8bf4-11e8-80e6-0cc47ad95011', 'серо-лиловый меланж', 3),
(386, '18a10301-8c0d-11e8-80e7-0cc47ad95011', 'красный яркий', 3),
(387, '6e11b537-8c10-11e8-80e7-0cc47ad95011', 'млечный путь', 3),
(388, 'c7fcfecb-8c15-11e8-80e7-0cc47ad95011', 'пастельный 11', 3),
(389, '9626b0ac-8c19-11e8-80e7-0cc47ad95011', ' белый + рыжий', 3),
(390, '641ec74e-8c1a-11e8-80e7-0cc47ad95011', 'небесный 29', 3),
(391, '959eb70f-8c1a-11e8-80e7-0cc47ad95011', 'иней 35', 3),
(392, '2a1c75f2-8c1b-11e8-80e7-0cc47ad95011', 'песочный 14', 3),
(393, '6467e3d7-8c1b-11e8-80e7-0cc47ad95011', 'пудра 23', 3),
(394, 'b88c6a10-8c1b-11e8-80e7-0cc47ad95011', 'красно-коричневый ', 3),
(395, 'aacb1146-8c1c-11e8-80e7-0cc47ad95011', 'шоколад 042', 3),
(396, '0e18a4cb-8c1e-11e8-80e7-0cc47ad95011', 'марсала 013', 3),
(397, '4da560c2-8e4f-11e8-80e7-0cc47ad95011', 'дымка SD02', 3),
(398, 'a430c92a-8e4f-11e8-80e7-0cc47ad95011', 'черный SD02', 3),
(399, 'a430c92b-8e4f-11e8-80e7-0cc47ad95011', 'черный SD08', 3),
(400, 'dae81cf9-8e4f-11e8-80e7-0cc47ad95011', 'бургундия SD24', 3),
(401, '05647fda-8e50-11e8-80e7-0cc47ad95011', 'пастель SD90', 3),
(402, '05647fdb-8e50-11e8-80e7-0cc47ad95011', 'пастельный SD90', 3),
(403, '39022a52-8e50-11e8-80e7-0cc47ad95011', 'индиго SD46', 3),
(404, '9c3d89e7-8e50-11e8-80e7-0cc47ad95011', 'ирис SD63', 3),
(405, 'd509d39c-8e50-11e8-80e7-0cc47ad95011', 'цикламен SD92', 3),
(406, '2d2c65df-8e53-11e8-80e7-0cc47ad95011', 'сливовый', 3),
(407, '4e3e0d93-8e53-11e8-80e7-0cc47ad95011', 'туман 1622', 3),
(408, '6d2cba49-8e53-11e8-80e7-0cc47ad95011', 'ворон 628', 3),
(409, '4094ab34-8e7b-11e8-80e7-0cc47ad95011', 'бежевый светлый меланж', 3),
(410, 'a939b698-93e9-11e8-80e7-0cc47ad95011', 'сиреневый темный', 3),
(411, '921defde-93ed-11e8-80e7-0cc47ad95011', 'персик', 3),
(412, '1bda9bba-93ee-11e8-80e7-0cc47ad95011', 'бежевый перламутр', 3),
(413, '41b32e18-93ee-11e8-80e7-0cc47ad95011', 'бронза', 3),
(414, 'f71b43f3-8a7d-11e8-80e6-0cc47ad95011', 'красный 617', 3),
(415, 'eacc6c03-9acb-11e8-80e8-0cc47ad95011', 'пудра', 3),
(416, 'dae948a0-9acc-11e8-80e8-0cc47ad95011', 'изумрудный', 3),
(417, '06dc43c4-9afa-11e8-80e8-0cc47ad95011', 'Трикотаж кашемировый красный', 3),
(418, '7592936b-2e67-11e8-80d6-0cc47ad95011', 'Кожа зеленая рептилия', 3),
(419, 'adbd8485-2e67-11e8-80d6-0cc47ad95011', 'Замша печать бело-золото', 3),
(420, 'f7f85964-1c4e-11e8-80d4-0cc47ad95011', 'солома розовый + белый', 3),
(421, 'f3ea9ae1-1dfc-11e8-80d4-0cc47ad95011', 'Замша бежевый фреска', 3),
(422, 'e544a373-1dfd-11e8-80d4-0cc47ad95011', 'Замша красная рептилия', 3),
(423, '03285e3c-1dfe-11e8-80d4-0cc47ad95011', 'Замша красная гобелен', 3),
(424, '82e7c232-1dfe-11e8-80d4-0cc47ad95011', 'Замша золотая ночь коричневый', 3),
(425, 'd62d828a-1dfe-11e8-80d4-0cc47ad95011', 'Замша полоска коричневый темный', 3),
(426, '1ac5f74c-1dff-11e8-80d4-0cc47ad95011', 'Замша мюнхен черная', 3),
(427, '2742188a-1e01-11e8-80d4-0cc47ad95011', 'твид люрекс красный', 3),
(428, 'c6743cee-1e01-11e8-80d4-0cc47ad95011', 'твид люрекс горчичный', 3),
(429, '2006b675-1e02-11e8-80d4-0cc47ad95011', 'твид люрекс черный', 3),
(430, '8df3efaf-1e04-11e8-80d4-0cc47ad95011', 'Замша волна черная', 3),
(431, '11346867-1e05-11e8-80d4-0cc47ad95011', 'Замша полоска блеск коричневый светлый', 3),
(432, '18ed794a-21de-11e8-80d4-0cc47ad95011', 'Замша перфорация черный + К1 черный', 3),
(433, '4a36c81b-21de-11e8-80d4-0cc47ad95011', 'Замша перфорация красный + К3 красный меланж', 3),
(434, '7c1824ec-21de-11e8-80d4-0cc47ad95011', 'Замша перфорация хаки + К1 хаки', 3),
(435, 'bfb97156-21de-11e8-80d4-0cc47ad95011', 'Замша перфорация коричневый тем + К3 коричн меланж', 3),
(436, '08564762-21df-11e8-80d4-0cc47ad95011', 'Замша перфорация коричневый + К1 коричневый меланж', 3),
(437, '44fe1de9-21df-11e8-80d4-0cc47ad95011', 'Замша перфорация каштановый + К1 бежевый', 3),
(438, 'c8f03819-21df-11e8-80d4-0cc47ad95011', 'Замша перфорация бордовый темный + К3 винный мелан', 3),
(439, 'c8cfbe69-21e1-11e8-80d4-0cc47ad95011', 'Замша перфорация бордовый + К3 винный меланж', 3),
(440, '2fff6185-21e2-11e8-80d4-0cc47ad95011', 'Замша перфорация какао + К1 бежевый', 3),
(441, '7a27e12b-21e2-11e8-80d4-0cc47ad95011', 'Замша перфорация лесной орех + К1 горчичный', 3),
(442, 'a356d04a-21e2-11e8-80d4-0cc47ad95011', 'Замша перфорация бежевый темный + К1 бежевый', 3),
(443, 'd83002ca-21e2-11e8-80d4-0cc47ad95011', 'Замша перфорация бежевый + К3 бежевый меланж', 3),
(444, '041ce67e-21e3-11e8-80d4-0cc47ad95011', 'Замша перфорация серый + К3 серый меланж', 3),
(445, '087fadf9-21ef-11e8-80d4-0cc47ad95011', 'твид клетка бежевый ', 3),
(446, '8d92b2fd-1609-11e8-80d4-0cc47ad95011', 'бежевый темный', 3),
(447, 'ad074333-1609-11e8-80d4-0cc47ad95011', 'розово-серый', 3),
(448, 'e1647da2-1609-11e8-80d4-0cc47ad95011', 'розово-черный', 3),
(449, 'e782b803-1609-11e8-80d4-0cc47ad95011', 'сине-красный', 3),
(450, '0c58ec8a-160a-11e8-80d4-0cc47ad95011', 'молочно-коричневый', 3),
(451, 'e0101193-1616-11e8-80d4-0cc47ad95011', 'Лен белый + голубой', 3),
(452, 'ea0033f9-1616-11e8-80d4-0cc47ad95011', 'Лен белый + розовый', 3),
(453, 'b1fbbeed-1618-11e8-80d4-0cc47ad95011', 'сине-зеленый', 3),
(454, '7e022f0c-1b8c-11e8-80d4-0cc47ad95011', 'иск замша бордовый темный', 3),
(455, 'ae69b523-1b8c-11e8-80d4-0cc47ad95011', 'иск замша серо-бежевый', 3),
(456, 'd34ee641-160d-11e8-80d4-0cc47ad95011', 'молочный', 3),
(457, 'f9282dbc-160f-11e8-80d4-0cc47ad95011', 'оранжево-зеленый', 3),
(458, '52aca10e-1610-11e8-80d4-0cc47ad95011', 'розово-коралловый', 3),
(459, '37a4dec1-1611-11e8-80d4-0cc47ad95011', 'лен серый', 3),
(460, '3e6f161c-1611-11e8-80d4-0cc47ad95011', 'лен сирень', 3),
(461, '469ef5bb-1611-11e8-80d4-0cc47ad95011', 'бело-бордовый', 3),
(462, '469ef5bc-1611-11e8-80d4-0cc47ad95011', 'бело-зеленый', 3),
(463, 'e52ba4c1-1611-11e8-80d4-0cc47ad95011', 'васильковый', 3),
(464, '065916bb-1612-11e8-80d4-0cc47ad95011', 'зеленый светлый', 3),
(465, '1564a7b5-1612-11e8-80d4-0cc47ad95011', 'коралловый нежный', 3),
(466, '3152dadc-1612-11e8-80d4-0cc47ad95011', 'оранжевый яркий', 3),
(467, '7e874a94-1612-11e8-80d4-0cc47ad95011', 'розово-сиреневый', 3),
(468, '9446e65c-1612-11e8-80d4-0cc47ad95011', 'салатовый', 3),
(469, 'a9bee6d4-1612-11e8-80d4-0cc47ad95011', 'электрик', 3),
(470, '6ea33c2c-1bb6-11e8-80d4-0cc47ad95011', 'солома белый+серый', 3),
(471, 'b00ea23b-1bb6-11e8-80d4-0cc47ad95011', 'солома оранжевый', 3),
(472, '06602f7b-1bb7-11e8-80d4-0cc47ad95011', 'солома красный+белый+синий', 3),
(473, '348c29a4-1bb7-11e8-80d4-0cc47ad95011', 'солома белый + красный', 3),
(474, 'c2587662-1bb7-11e8-80d4-0cc47ad95011', 'солома + оранжевый', 3),
(475, '038ae3ce-1bb8-11e8-80d4-0cc47ad95011', 'солома+красный+фуксия+оранжевый', 3),
(476, '36bea9f6-1bb8-11e8-80d4-0cc47ad95011', 'солома+т.синий+голубой+зеленый', 3),
(477, 'd2e5d2f1-1bb8-11e8-80d4-0cc47ad95011', 'солома голубой + салатовый', 3),
(478, 'a938e8d6-1bac-11e8-80d4-0cc47ad95011', 'лен голубой темный', 3),
(479, '42b0cd37-1bb1-11e8-80d4-0cc47ad95011', 'лен солома солнечная + песочный', 3),
(480, '6834960f-1bb2-11e8-80d4-0cc47ad95011', 'лен серо-синий', 3),
(481, '1f65e113-1bc0-11e8-80d4-0cc47ad95011', 'твил коричневый', 3),
(482, '3c22cb60-ebdc-11e7-80d1-0cc47ad95011', 'ажур белый + серый', 3),
(483, 'afc399e8-b8ca-11e7-80cf-0cc47ad95011', 'белый+синий', 3),
(484, 'fa21873f-07f4-11e8-80d3-0cc47ad95011', 'голубой ', 3),
(485, '099b502a-0a51-11e8-80d3-0cc47ad95011', 'кашемир бежевый светлый', 3),
(486, 'f5638b60-0a6c-11e8-80d3-0cc47ad95011', 'кашемир зеленый темный', 3),
(487, '024d8fd1-0a7d-11e8-80d3-0cc47ad95011', 'твид брусника', 3),
(488, 'adf96c6c-0b0f-11e8-80d3-0cc47ad95011', 'кашемир гусиные лапки бежевый', 3),
(489, 'c9127e44-0b11-11e8-80d3-0cc47ad95011', 'кашемир черника', 3),
(490, '06e521a7-0b41-11e8-80d3-0cc47ad95011', 'Шерсть мохер аметист', 3),
(491, '5da2959c-0b42-11e8-80d3-0cc47ad95011', 'тонак мокрый асфальт', 3),
(492, '7dbd8a15-0b42-11e8-80d3-0cc47ad95011', 'тонак охра', 3),
(493, '1e8aef44-0b45-11e8-80d3-0cc47ad95011', 'молоко', 3),
(494, 'f87aed4e-0b4b-11e8-80d3-0cc47ad95011', 'чайная роза', 3),
(495, '2c9e2083-0bf2-11e8-80d3-0cc47ad95011', 'Замша капучино', 3),
(496, 'b60b7847-0d72-11e8-80d4-0cc47ad95011', 'Фатин красный', 3),
(497, 'd072a863-0d72-11e8-80d4-0cc47ad95011', 'Фатин винный', 3),
(498, 'ee91bf1c-0d72-11e8-80d4-0cc47ad95011', 'Фатин коричневый светлый', 3),
(499, '1cd9bc6f-0d73-11e8-80d4-0cc47ad95011', 'Фатин синий темный', 3),
(500, '51006b02-0d73-11e8-80d4-0cc47ad95011', 'Фатин черный', 3),
(501, '79772858-0d82-11e8-80d4-0cc47ad95011', 'кожа какао', 3),
(502, '102d9d93-0d83-11e8-80d4-0cc47ad95011', 'кожа серый светлый', 3),
(503, '2b99e693-0d83-11e8-80d4-0cc47ad95011', 'кожа серый темный', 3),
(504, '48ccef71-0d83-11e8-80d4-0cc47ad95011', 'кожа синий темный', 3),
(505, 'b29657fd-0fba-11e8-80d4-0cc47ad95011', 'лен бронзовый', 3),
(506, '90b14fa3-0fbb-11e8-80d4-0cc47ad95011', 'лен солома солнечная + песочный темный', 3),
(507, 'e6f53ca4-0fbb-11e8-80d4-0cc47ad95011', 'лен песочный темный + солома солнечная', 3),
(508, '44e7cab9-01a8-11e8-80d3-0cc47ad95011', 'шерсть вареная черная ', 3),
(509, 'c18e6d14-01ac-11e8-80d3-0cc47ad95011', 'шерсть вареная синий', 3),
(510, '76869e7d-01ad-11e8-80d3-0cc47ad95011', 'шерсть вареная какао', 3),
(511, 'ddd698c7-01ad-11e8-80d3-0cc47ad95011', 'шерсть вареная сиреневый', 3),
(512, '36a3eeed-01ae-11e8-80d3-0cc47ad95011', 'шерсть вареная красный', 3),
(513, '2b2fd1be-01b5-11e8-80d3-0cc47ad95011', 'шерсть вареная кремовый', 3),
(514, '794040d7-01b5-11e8-80d3-0cc47ad95011', 'шерсть вареная бежевый', 3),
(515, '6e2c04e0-f776-11e7-80d3-0cc47ad95011', 'трикотаж молоко + букле рубчик молоко', 3),
(516, '768e0f4c-f776-11e7-80d3-0cc47ad95011', 'тонак синяя пыль', 3),
(517, 'a0cd20be-f77d-11e7-80d3-0cc47ad95011', 'кожа черный', 3),
(518, '8f8d17ff-f9d3-11e7-80d3-0cc47ad95011', 'трикотаж белый + лен розовый яркий ', 3),
(519, '02f99e1b-f9d4-11e7-80d3-0cc47ad95011', 'трикотаж белый + лен красный ', 3),
(520, '5ed4a043-f9d4-11e7-80d3-0cc47ad95011', 'трикотаж белый + лен желтый яркий', 3),
(521, 'd350eb2b-fabe-11e7-80d3-0cc47ad95011', 'букле петелька + Б2 в ассортименте', 3),
(522, 'f70c70b1-fac0-11e7-80d3-0cc47ad95011', 'шерсть + Б2 в асортименте', 3),
(523, 'a9a022d9-fb5a-11e7-80d3-0cc47ad95011', 'букле петелька + К1 в ассортименте', 3),
(524, '6b758efd-fb5c-11e7-80d3-0cc47ad95011', 'букле петелька + К2 в ассортименте', 3),
(525, 'bfdcf50b-fc3f-11e7-80d3-0cc47ad95011', 'мохер люрекс + трикотаж Б2 в ассортименте', 3),
(526, 'f7d3790c-fc50-11e7-80d3-0cc47ad95011', 'лен горчица', 3),
(527, '4b4c9f60-0269-11e8-80d3-0cc47ad95011', 'шерсть вареная слоновая кость', 3),
(528, 'b2c3a7bf-0269-11e8-80d3-0cc47ad95011', 'шерсть вареная розово-сиреневый', 3),
(529, '1398de69-026a-11e8-80d3-0cc47ad95011', 'шерсть вареная бежевый светлый', 3),
(530, '4e040464-026a-11e8-80d3-0cc47ad95011', 'шерсть вареная кофе с молоком', 3),
(531, 'a0103115-04e6-11e8-80d3-0cc47ad95011', 'трикотаж кашемировый винный меланж', 3),
(532, 'ae9ef706-04f1-11e8-80d3-0cc47ad95011', 'мохер люрекс вино + трикотаж брусника', 3),
(533, '08bd191e-0593-11e8-80d3-0cc47ad95011', 'твид елка марсала', 3),
(534, '5bc0e040-0593-11e8-80d3-0cc47ad95011', 'космос синий', 3),
(535, '9a0cce40-0593-11e8-80d3-0cc47ad95011', 'твил белый золото', 3),
(536, '8706ccd3-0594-11e8-80d3-0cc47ad95011', 'пикассо изумрудно-красный', 3),
(537, 'c13be051-0594-11e8-80d3-0cc47ad95011', 'пикассо сине-красный', 3),
(538, '4cb5bf9d-05af-11e8-80d3-0cc47ad95011', 'бирюзовый', 3),
(539, '9838c839-05bb-11e8-80d3-0cc47ad95011', 'гусиные лапки', 3),
(540, '3ece838e-064c-11e8-80d3-0cc47ad95011', 'лен бежевый', 3),
(541, 'aa11fb0f-e16e-11e7-80d1-0cc47ad95011', 'лен солома солнечная + оливковый', 3),
(542, '94e1b83e-afe8-11e7-80ce-0cc47ad95011', 'Вязка асфальтовый', 3),
(543, 'cb1764f0-afe9-11e7-80ce-0cc47ad95011', 'Вязка серый темный', 3),
(544, '0d668a55-afea-11e7-80ce-0cc47ad95011', 'Вязка синий темный', 3),
(545, '133fb014-e568-11e7-80d1-0cc47ad95011', 'лен коричневый', 3),
(546, '2f948edd-e568-11e7-80d1-0cc47ad95011', 'лен красный', 3),
(547, '5a4e8b5d-e568-11e7-80d1-0cc47ad95011', 'лен черный', 3),
(548, '8256999d-ea0a-11e7-80d1-0cc47ad95011', 'шерсть шелк серый', 3),
(549, '357fe2c0-eb00-11e7-80d1-0cc47ad95011', 'кашемир коричневый меланж', 3),
(550, '35e58d77-eb01-11e7-80d1-0cc47ad95011', 'кашемир серый меланж', 3),
(551, 'cc55e7dd-eb94-11e7-80d1-0cc47ad95011', 'тонак синий', 3),
(552, '620d06e1-eb95-11e7-80d1-0cc47ad95011', 'тонак верблюд', 3),
(553, '0a34663e-f5cb-11e7-80d1-0cc47ad95011', 'лен серо голубой', 3),
(554, '33238c30-f5cc-11e7-80d1-0cc47ad95011', 'лен синий речной + серо-голубой', 3),
(555, 'dd4855f7-f5eb-11e7-80d2-0cc47ad95011', 'лен желтый яркий + белый', 3),
(556, 'b5544889-f5f4-11e7-80d2-0cc47ad95011', 'ажур белый + голубой нежный ', 3),
(557, '3beb8352-f5f5-11e7-80d2-0cc47ad95011', 'ажур белый + розовый', 3),
(558, '64db188f-f5f5-11e7-80d2-0cc47ad95011', 'ажур зеленый', 3),
(559, '8bdb1918-f5f5-11e7-80d2-0cc47ad95011', 'ажур коралловый', 3),
(560, '41a530fa-f5f8-11e7-80d2-0cc47ad95011', 'ажур белый + гвоздика', 3),
(561, 'd574224f-f5f8-11e7-80d2-0cc47ad95011', 'ажур серый', 3),
(562, '74644f56-f5fa-11e7-80d2-0cc47ad95011', 'лен белый + бирюзовый + васильковый яркий', 3),
(563, 'bfd72e81-f5fa-11e7-80d2-0cc47ad95011', 'лен белый + желтый яркий + белый  ', 3),
(564, 'ed693a35-f5fa-11e7-80d2-0cc47ad95011', 'лен белый + серо-голубой + черный', 3),
(565, 'd54108d7-f5fb-11e7-80d2-0cc47ad95011', 'лен желтый яркий + бирюзовый + васильковый яркий ', 3),
(566, '00e90b1c-f60a-11e7-80d2-0cc47ad95011', 'кожа слоновая кость', 3),
(567, '1775aa8f-f60a-11e7-80d2-0cc47ad95011', 'кожа бежевый светлый', 3),
(568, '29915d17-f60a-11e7-80d2-0cc47ad95011', 'кожа бежевый ', 3),
(569, '37dfe325-f60a-11e7-80d2-0cc47ad95011', 'кожа молочный', 3),
(570, '52ddd23b-f60a-11e7-80d2-0cc47ad95011', 'кожа бежевый темный', 3),
(571, '6610072a-f60a-11e7-80d2-0cc47ad95011', 'кожа песочный', 3),
(572, '851ff04e-f60a-11e7-80d2-0cc47ad95011', 'кожа ореховый', 3),
(573, '9d01ab54-f60c-11e7-80d2-0cc47ad95011', 'кожа винный', 3),
(574, 'ae7fc2d7-f60c-11e7-80d2-0cc47ad95011', 'кожа бордовый', 3),
(575, 'bf27091a-f60c-11e7-80d2-0cc47ad95011', 'кожа салатовый', 3),
(576, 'd00eafaa-f60c-11e7-80d2-0cc47ad95011', 'кожа серый ', 3),
(577, 'e4882df2-f60c-11e7-80d2-0cc47ad95011', 'кожа коричневый', 3),
(578, 'cc0e8c23-dbef-11e7-80d1-0cc47ad95011', 'космос красный', 3),
(579, 'ed28f2cf-dbef-11e7-80d1-0cc47ad95011', 'ткань космос синий', 3),
(580, '82c4c4ac-dc0d-11e7-80d1-0cc47ad95011', 'шерсть букле пепел', 3),
(581, 'f5dffab5-de38-11e7-80d1-0cc47ad95011', ' белый + желто-зеленый', 3),
(582, 'b339f531-de5a-11e7-80d1-0cc47ad95011', 'Трикотаж с люрексом белый', 3),
(583, 'd424de5b-de5a-11e7-80d1-0cc47ad95011', 'Трикотаж с люрексом розовый меланж', 3),
(584, 'ebec6bd7-de5a-11e7-80d1-0cc47ad95011', 'Трикотаж с люрексом серо-розовый меланж', 3),
(585, '5f4acbad-df20-11e7-80d1-0cc47ad95011', 'лен белый + синий речной', 3),
(586, 'f7303e14-df36-11e7-80d1-0cc47ad95011', 'трикотаж белый +лен аквамарин', 3),
(587, '3d5491d9-e09c-11e7-80d1-0cc47ad95011', 'трикотаж ассорти', 3),
(588, '5c3e863c-e0b3-11e7-80d1-0cc47ad95011', 'лен солома солнечная + золотисто-коричневый', 3),
(589, 'f236d7a0-d8d7-11e7-80d1-0cc47ad95011', 'тонак васильковый меланж', 3),
(590, '01df2931-d8d8-11e7-80d1-0cc47ad95011', 'тонак василек меланж', 3),
(591, '022a01ba-d8d9-11e7-80d1-0cc47ad95011', 'тонак кирпичный меланж', 3),
(592, 'c8d828dc-d984-11e7-80d1-0cc47ad95011', 'мутон ассорти', 3),
(593, '9ad2854f-c915-11e7-80d0-0cc47ad95011', 'Трикотаж индиго', 3),
(594, '4d0968ea-cab8-11e7-80d0-0cc47ad95011', 'тонак клюква меланж', 3),
(595, '87e5c108-ce8f-11e7-80d0-0cc47ad95011', 'лен шитье белый', 3),
(596, '6a1ca012-cf86-11e7-80d0-0cc47ad95011', ' белый + яблочный', 3),
(597, '8676c671-cf86-11e7-80d0-0cc47ad95011', ' белый + розовый светлый', 3),
(598, 'ba42d1ca-cf86-11e7-80d0-0cc47ad95011', ' белый + аквамарин', 3),
(599, '2cd0b99f-d038-11e7-80d0-0cc47ad95011', ' белый + оранжевый светлый', 3),
(600, '97d727f4-d444-11e7-80d0-0cc47ad95011', 'лен синий пепельный', 3),
(601, 'eac218a9-d445-11e7-80d0-0cc47ad95011', 'лен песочный темный', 3),
(602, '39587665-d5cc-11e7-80d1-0cc47ad95011', 'лен бежевый + шитье оливковый', 3),
(603, '667cbea1-ba65-11e7-80cf-0cc47ad95011', 'букле рубчик молоко + сукно молоко', 3),
(604, '667cbea2-ba65-11e7-80cf-0cc47ad95011', 'мохер букле вино', 3),
(605, '6d9805fe-ba65-11e7-80cf-0cc47ad95011', 'мохер букле пион', 3),
(606, '6d9805ff-ba65-11e7-80cf-0cc47ad95011', 'мохер букле серый', 3),
(607, '7539180e-ba65-11e7-80cf-0cc47ad95011', 'мохер букле серый + сукно серый', 3),
(608, '8350a800-ba65-11e7-80cf-0cc47ad95011', 'мохер букле серый темный + сукно серый темный', 3),
(609, '8350a801-ba65-11e7-80cf-0cc47ad95011', 'мохер букле слива', 3),
(610, 'ad61bcac-affe-11e7-80ce-0cc47ad95011', 'Вязка серый+бежевый', 3),
(611, 'ef6790cf-affe-11e7-80ce-0cc47ad95011', 'Вязка синий тёмный+бордовый', 3),
(612, '3e67ea76-afff-11e7-80ce-0cc47ad95011', 'Вязка черный+серый', 3),
(613, 'cb511d4c-afff-11e7-80ce-0cc47ad95011', 'Вязка бирюзовый+розовый', 3),
(614, '0a5a1862-b000-11e7-80ce-0cc47ad95011', 'Вязка бордовый+бежевый', 3),
(615, 'cedd61ed-b000-11e7-80ce-0cc47ad95011', 'Вязка коричневый+бежевый', 3),
(616, 'e2691811-b001-11e7-80ce-0cc47ad95011', 'Вязка синий+бежевый', 3),
(617, '13e47af8-b004-11e7-80ce-0cc47ad95011', 'Астраган бежевый (снят с производства)', 3),
(618, '3310b075-b004-11e7-80ce-0cc47ad95011', 'Астраган ирис', 3),
(619, '3abd3ed6-b004-11e7-80ce-0cc47ad95011', 'Астраган коричневый', 3),
(620, '4b93d54c-b004-11e7-80ce-0cc47ad95011', 'Астраган розовый жемчуг(снят с производства)', 3),
(621, 'fee11f61-b004-11e7-80ce-0cc47ad95011', 'мутон какао', 3),
(622, 'fee11f62-b004-11e7-80ce-0cc47ad95011', 'мутон коричневый', 3),
(623, '123b6f57-b005-11e7-80ce-0cc47ad95011', 'мутон серый темный', 3),
(624, '8ce4aa92-b018-11e7-80ce-0cc47ad95011', 'тонак каспий', 3),
(625, 'a5e2e762-b019-11e7-80ce-0cc47ad95011', 'меланж синий темный', 3),
(626, '96645807-b25f-11e7-80ce-0cc47ad95011', 'букле петелька мелкая серая', 3),
(627, '6ecfb97b-b3d5-11e7-80ce-0cc47ad95011', 'шерсть коричневый ', 3),
(628, '3337fb30-be10-11e7-80cf-0cc47ad95011', 'ангора белая клетка', 3),
(629, '3337fb31-be10-11e7-80cf-0cc47ad95011', 'ангора белая клетка мелкая', 3),
(630, '3f37233a-be10-11e7-80cf-0cc47ad95011', 'ангора гусиные лапки', 3),
(631, '3f37233b-be10-11e7-80cf-0cc47ad95011', 'ангора коричневый', 3),
(632, '457721a2-be10-11e7-80cf-0cc47ad95011', 'ангора молоко', 3),
(633, 'fb27bfbd-be11-11e7-80cf-0cc47ad95011', 'ангора брусника + кружево', 3),
(634, 'fb27bfbe-be11-11e7-80cf-0cc47ad95011', 'ангора коричневый + кружево', 3),
(635, '0437bf3a-be12-11e7-80cf-0cc47ad95011', 'ангора молоко + кружево', 3),
(636, '0437bf3c-be12-11e7-80cf-0cc47ad95011', 'ангора серый + кружево', 3),
(637, '0a990c16-be12-11e7-80cf-0cc47ad95011', 'ангора слива + кружево', 3),
(638, '0a990c17-be12-11e7-80cf-0cc47ad95011', 'ангора черная + кружево', 3),
(639, '727220b1-be24-11e7-80cf-0cc47ad95011', 'кружево белый', 3),
(640, '1be66eed-be45-11e7-80cf-0cc47ad95011', 'Замша персик', 3),
(641, 'a3a3c8fb-be46-11e7-80cf-0cc47ad95011', 'Замша рыжий', 3),
(642, 'd12ceaf9-bee1-11e7-80cf-0cc47ad95011', 'букле петелька мелкая коричневая', 3),
(643, 'e5db4fb4-bee1-11e7-80cf-0cc47ad95011', 'букле петелька крупная сиреневая + кашемир сер.тем', 3),
(644, 'ed4ce087-bee1-11e7-80cf-0cc47ad95011', 'букле петелька мелкая красная', 3),
(645, 'f6d4180f-bee1-11e7-80cf-0cc47ad95011', 'букле петелька мелкая серая + кашемир сер.темн', 3),
(646, 'f6d41810-bee1-11e7-80cf-0cc47ad95011', 'букле рубчик молоко + кашемир молоко', 3),
(647, 'ad464b56-c3b7-11e7-80cf-0cc47ad95011', 'ангора серая клетка', 3),
(648, 'ad464b57-c3b7-11e7-80cf-0cc47ad95011', 'ангора черная клетка', 3),
(649, 'b8da45e9-c3b7-11e7-80cf-0cc47ad95011', 'ангора черная клетка + шерсть пайетки серый', 3),
(650, 'cb476daa-c3b7-11e7-80cf-0cc47ad95011', 'ангора серый + серая клетка', 3),
(651, 'd1a4a4f4-c3b7-11e7-80cf-0cc47ad95011', 'ангора сирень', 3),
(652, 'f560a5cc-c448-11e7-80cf-0cc47ad95011', 'Замша лесной орех', 3),
(653, '41a09b19-c44b-11e7-80cf-0cc47ad95011', 'твид красный ', 3),
(654, '41a09b1a-c44b-11e7-80cf-0cc47ad95011', 'твид бирюза', 3),
(655, '465a454e-c44c-11e7-80cf-0cc47ad95011', 'ангора бежевый клетка', 3),
(656, '5c5fa06b-c44c-11e7-80cf-0cc47ad95011', 'ангора коралл', 3),
(657, '5c5fa06c-c44c-11e7-80cf-0cc47ad95011', 'ангора коралл клетка', 3),
(658, '1a1da111-c45a-11e7-80cf-0cc47ad95011', 'Замша фиалка', 3),
(659, '4e9734d0-c47a-11e7-80cf-0cc47ad95011', 'мохер букле серый темный', 3),
(660, '8f54148a-c47a-11e7-80cf-0cc47ad95011', 'мохер люрекс белый ', 3),
(661, '8f54148c-c47a-11e7-80cf-0cc47ad95011', 'мохер люрекс вино', 3),
(662, 'a15c9a8b-c47a-11e7-80cf-0cc47ad95011', 'мохер люрекс серый темный ', 3),
(663, 'a15c9a8c-c47a-11e7-80cf-0cc47ad95011', 'мохер люрекс черный ', 3),
(664, '3ff6a9e3-b8b0-11e7-80cf-0cc47ad95011', 'кашемир розовая пудра', 3),
(665, 'a9dbae9d-9e9e-11e7-80ce-0cc47ad95011', 'Астраган серый', 3),
(666, '5786c2a7-af37-11e7-80ce-0cc47ad95011', 'Вязка сине-бежевый', 3),
(667, '9793723f-af40-11e7-80ce-0cc47ad95011', 'Вязка красный', 3),
(668, 'd1d90071-af40-11e7-80ce-0cc47ad95011', 'Вязка розовый', 3),
(669, '50ce3a6f-af44-11e7-80ce-0cc47ad95011', 'меланж розово - зеленый', 3),
(670, '50ce3a70-af44-11e7-80ce-0cc47ad95011', 'меланж розово - оранжевый', 3),
(671, '413a87a3-af45-11e7-80ce-0cc47ad95011', 'кирпичный', 3),
(672, '5da00b58-af46-11e7-80ce-0cc47ad95011', 'шерсть мохер диагональ бордовый', 3),
(673, '767240db-af46-11e7-80ce-0cc47ad95011', 'шерсть мохер диагональ сирень', 3),
(674, '8fdcc420-af46-11e7-80ce-0cc47ad95011', 'Вязка бежевый+синий', 3),
(675, '231a43d1-af47-11e7-80ce-0cc47ad95011', 'Вязка синий+розовый', 3),
(676, '5dae86bd-af4a-11e7-80ce-0cc47ad95011', 'мохер люрекс пион', 3),
(677, '6fd083c9-af4a-11e7-80ce-0cc47ad95011', 'Вязка графитный', 3),
(678, 'f9adf320-af4a-11e7-80ce-0cc47ad95011', 'Вязка кофейный', 3),
(679, '2370a96d-af4b-11e7-80ce-0cc47ad95011', 'мохер букле белый диагональ', 3),
(680, '3d6721fe-af5c-11e7-80ce-0cc47ad95011', 'Вязка черно-белый', 3),
(681, '8831d6aa-af5c-11e7-80ce-0cc47ad95011', 'Вязка черно-синий', 3),
(682, '24b71e3c-afd6-11e7-80ce-0cc47ad95011', 'кашемир терракот', 3),
(683, '828d9acd-afd6-11e7-80ce-0cc47ad95011', 'кашемир мятный темный', 3),
(684, 'c6ce1182-afd6-11e7-80ce-0cc47ad95011', 'кашемир фиалковый', 3),
(685, '34ecfe94-afd7-11e7-80ce-0cc47ad95011', 'кашемир сапфировый', 3),
(686, '48561e2a-afdd-11e7-80ce-0cc47ad95011', 'Вязка коричневый светлый', 3),
(687, '71778a65-afe0-11e7-80ce-0cc47ad95011', 'Вязка кирпичный', 3),
(688, 'e82f5e05-afe1-11e7-80ce-0cc47ad95011', 'Вязка серый', 3),
(689, '83681f8a-af53-11e7-80ce-0cc47ad95011', 'горчичный ', 3),
(690, 'a56ba203-af58-11e7-80ce-0cc47ad95011', 'Вязка кофе с молоком', 3),
(691, 'ec658b2c-af58-11e7-80ce-0cc47ad95011', 'ангора черная клетка + шерсть пайетки черный', 3),
(692, 'de091c8a-afe3-11e7-80ce-0cc47ad95011', 'Вязка белый+черный', 3),
(693, '25297cc3-afe4-11e7-80ce-0cc47ad95011', 'Вязка рыжий + белый', 3),
(694, '9c831e21-a2ac-11e7-80ce-0cc47ad95011', 'шерсть пайетки серая клетка', 3),
(695, 'fc04f1b9-a4fe-11e7-80ce-0cc47ad95011', 'шерсть диагональ молочный', 3);
INSERT INTO `offer_property_value` (`id`, `uid`, `value`, `id_property_name`) VALUES
(696, '7eceba33-a508-11e7-80ce-0cc47ad95011', 'черно - белый', 3),
(697, '6cfa478e-af1e-11e7-80ce-0cc47ad95011', 'Вязка', 3),
(698, '821c6433-af1e-11e7-80ce-0cc47ad95011', 'Вязка горчичный', 3),
(699, 'd9638691-af1e-11e7-80ce-0cc47ad95011', 'шерсть черный + кашемир черный', 3),
(700, '61050243-adb3-11e7-80ce-0cc47ad95011', 'шерсть черный', 3),
(701, 'd10246f0-adb3-11e7-80ce-0cc47ad95011', 'шерсть серая', 3),
(702, '2cac98f4-ae7e-11e7-80ce-0cc47ad95011', 'трикотаж бугола экспериментальная', 3),
(703, '73f87cea-af15-11e7-80ce-0cc47ad95011', 'тонак карамель', 3),
(704, 'f07b450f-af15-11e7-80ce-0cc47ad95011', 'тонак фрезия', 3),
(705, '37543a89-af16-11e7-80ce-0cc47ad95011', 'тонак кирпичный', 3),
(706, '6fc00715-af16-11e7-80ce-0cc47ad95011', 'тонак фисташковый', 3),
(707, '37026693-af1b-11e7-80ce-0cc47ad95011', 'шерсть мохер брусника', 3),
(708, '857ecdf6-af1c-11e7-80ce-0cc47ad95011', 'тонак фиолетово-черный', 3),
(709, '42d4e3d2-af1f-11e7-80ce-0cc47ad95011', 'шерсть коричневый + кашемир какао темный', 3),
(710, '36f80893-af20-11e7-80ce-0cc47ad95011', 'шерсть брусничный + кашемир брусничный', 3),
(711, '92b85695-af26-11e7-80ce-0cc47ad95011', 'кружево молочный + бугола белый', 3),
(712, '0773a00e-af30-11e7-80ce-0cc47ad95011', 'Вязка бежевый', 3),
(713, '53b07ae9-af30-11e7-80ce-0cc47ad95011', 'Вязка молочный', 3),
(714, '6ca14bbf-af30-11e7-80ce-0cc47ad95011', 'Вязка бежевый', 3),
(715, 'b01dc47a-af30-11e7-80ce-0cc47ad95011', 'Вязка морская волна', 3),
(716, '1454aeed-af31-11e7-80ce-0cc47ad95011', 'Вязка синий', 3),
(717, '78e6089f-af31-11e7-80ce-0cc47ad95011', 'Вязка фуксия', 3),
(718, 'c72c7e6a-af32-11e7-80ce-0cc47ad95011', 'Вязка коричнево-бежевый', 3),
(719, '2aecd479-af3b-11e7-80ce-0cc47ad95011', 'бежевый светлый перламутр', 3),
(720, '51e91fa8-af3b-11e7-80ce-0cc47ad95011', 'Вязка черный', 3),
(721, '64abfcdb-af3c-11e7-80ce-0cc47ad95011', 'Вязка коричневый', 3),
(722, '259b7b37-af3d-11e7-80ce-0cc47ad95011', 'Вязка зеленый', 3),
(723, 'a9e18ca3-af3d-11e7-80ce-0cc47ad95011', 'Вязка коричнево-серый', 3),
(724, '06ccc76e-af3e-11e7-80ce-0cc47ad95011', 'Вязка сине-голубой', 3),
(725, '2d0b9942-af3f-11e7-80ce-0cc47ad95011', 'Вязка белый', 3),
(726, '75881c91-a77e-11e7-80ce-0cc47ad95011', 'тонак лаванда', 3),
(727, '56249289-a9a7-11e7-80ce-0cc47ad95011', 'твид млечный путь', 3),
(728, '5c5147bd-a9a7-11e7-80ce-0cc47ad95011', 'твид елка черный', 3),
(729, '674c7978-a9a7-11e7-80ce-0cc47ad95011', 'твид елка синий', 3),
(730, '674c7979-a9a7-11e7-80ce-0cc47ad95011', 'твид елка серый темный', 3),
(731, '753bbb6c-a9a7-11e7-80ce-0cc47ad95011', 'твид елка серый', 3),
(732, '7db89f85-a9a7-11e7-80ce-0cc47ad95011', 'твид елка бежевый ', 3),
(733, 'abc1b4e6-acb0-11e7-80ce-0cc47ad95011', 'мутон вишневая волна', 3),
(734, '949efa49-acb6-11e7-80ce-0cc47ad95011', 'косичка джинсовый + К3 синий меланж', 3),
(735, 'cf6fbde4-acb6-11e7-80ce-0cc47ad95011', 'косичка серый меланж + К3 серый меланж', 3),
(736, '5f196d07-acb7-11e7-80ce-0cc47ad95011', 'косичка какао меланж + К3 бежевый меланж', 3),
(737, '3ad73248-acbd-11e7-80ce-0cc47ad95011', 'трикотаж серый светлый', 3),
(738, 'dc05dd6a-acbd-11e7-80ce-0cc47ad95011', 'трикотаж оливковый', 3),
(739, '5b540f2c-9eb2-11e7-80ce-0cc47ad95011', 'кролик серый', 3),
(740, '24b9bb04-9eb4-11e7-80ce-0cc47ad95011', 'кролик белый', 3),
(741, '6b294735-9eb4-11e7-80ce-0cc47ad95011', 'кролик черный', 3),
(742, '44328f37-9ebb-11e7-80ce-0cc47ad95011', 'джинса', 3),
(743, '759a7e83-9ecd-11e7-80ce-0cc47ad95011', 'кролик коричневый ', 3),
(744, '9f6296de-96c5-11e7-80ce-0cc47ad95011', 'серо-розовый', 3),
(745, 'bb15cda0-96c5-11e7-80ce-0cc47ad95011', 'лен серо-синий + розовый яркий ', 3),
(746, '110d5e6c-96c6-11e7-80ce-0cc47ad95011', 'бежево-серый', 3),
(747, '62ad75d6-5739-11e7-80c9-0cc47ad95011', 'ткань твил белый', 3),
(748, '73e62d5d-5739-11e7-80c9-0cc47ad95011', 'твил белый серебро + трикотаж молоко', 3),
(749, '1d3d0816-6de8-11e7-80ca-0cc47ad95011', 'махогон', 3),
(750, '35ff68d9-9305-11e7-80ce-0cc47ad95011', 'меланж красный', 3),
(751, '339e7bd7-93b1-11e7-80ce-0cc47ad95011', 'лен серо-голубой + синий', 3),
(752, '905bc89f-9463-11e7-80ce-0cc47ad95011', 'бордовый', 3),
(753, 'ace5f30b-9463-11e7-80ce-0cc47ad95011', 'бордовый светлый', 3),
(754, 'c3d67f09-9463-11e7-80ce-0cc47ad95011', 'розово-синий', 3),
(755, 'cc67efca-9463-11e7-80ce-0cc47ad95011', 'зеленый', 3),
(756, '5d45da57-9464-11e7-80ce-0cc47ad95011', 'песочный', 3),
(757, 'b0298243-9464-11e7-80ce-0cc47ad95011', 'красно-песочный', 3),
(758, '40aa0b35-9465-11e7-80ce-0cc47ad95011', 'сине-бежевый', 3),
(759, '0800e43d-679d-11e7-80ca-0cc47ad95011', 'лососевый', 3),
(760, '0e7cb682-679d-11e7-80ca-0cc47ad95011', 'серо-бежевый', 3),
(761, '66636abe-679d-11e7-80ca-0cc47ad95011', 'шоколадный', 3),
(762, 'f136d5b5-679e-11e7-80ca-0cc47ad95011', 'синий ', 3),
(763, '08ce966c-679f-11e7-80ca-0cc47ad95011', 'солома + голубой', 3),
(764, '45016974-6861-11e7-80ca-0cc47ad95011', 'лиловый светлый', 3),
(765, '317090d4-6c74-11e7-80ca-0cc47ad95011', 'Замша асфальт', 3),
(766, '229e52f2-57ed-11e7-80c9-0cc47ad95011', 'лен белый + аквамарин', 3),
(767, 'b2bab07f-57ed-11e7-80c9-0cc47ad95011', 'лен серо-голубой + белый', 3),
(768, '95000ca4-527f-11e7-80c9-0cc47ad95011', 'лен васильковый яркий', 3),
(769, '358ef46f-51c4-11e7-80c9-0cc47ad95011', 'ажур белый + зеленый', 3),
(770, '5c4e5e0c-525d-11e7-80c9-0cc47ad95011', ' трикотаж Погони черничный', 3),
(771, 'ebed9b54-5263-11e7-80c9-0cc47ad95011', 'тонак голубой ', 3),
(772, '00293cca-5264-11e7-80c9-0cc47ad95011', 'тонак груша', 3),
(773, '0eb5c51a-5264-11e7-80c9-0cc47ad95011', 'тонак красный', 3),
(774, '96e5c50f-5264-11e7-80c9-0cc47ad95011', 'тонак мятный', 3),
(775, 'a08c1f85-5264-11e7-80c9-0cc47ad95011', 'тонак чайная роза', 3),
(776, 'b503661a-5264-11e7-80c9-0cc47ad95011', 'тонак электрик', 3),
(777, '0e8b5606-5267-11e7-80c9-0cc47ad95011', 'тонак желтый бледный ', 3),
(778, 'de39cdc6-5278-11e7-80c9-0cc47ad95011', 'Трикотаж розовый', 3),
(779, '34c17ea8-5a59-11e7-80c9-0cc47ad95011', 'букле петелька крупная сиреневая', 3),
(780, '526c815b-5a59-11e7-80c9-0cc47ad95011', 'Астраган белый', 3),
(781, '92ec8bf1-5b03-11e7-80ca-0cc47ad95011', 'Твид коричневый', 3),
(782, 'bba0a7d7-5b10-11e7-80ca-0cc47ad95011', 'трикотаж экспериментальная', 3),
(783, 'c35097fb-5b3d-11e7-80ca-0cc47ad95011', 'ажур белый + джинсовый', 3),
(784, 'cdd51f8c-5b3d-11e7-80ca-0cc47ad95011', 'ажур белый + азалия', 3),
(785, 'cdd51f8d-5b3d-11e7-80ca-0cc47ad95011', 'ажур белый + шиповник', 3),
(786, '7ca6997e-5b3e-11e7-80ca-0cc47ad95011', 'ажур белый + джинсовый + лен белый', 3),
(787, 'c93afa94-5b3f-11e7-80ca-0cc47ad95011', 'тонак лазурный', 3),
(788, 'e2f08a61-5b42-11e7-80ca-0cc47ad95011', 'ажур белый + лимонный', 3),
(789, '22494403-5b45-11e7-80ca-0cc47ad95011', 'елочка пестрый', 3),
(790, '89f57981-5bf3-11e7-80ca-0cc47ad95011', 'твид коричневый темный', 3),
(791, '9d6cf3da-5c97-11e7-80ca-0cc47ad95011', 'тонак зеленый', 3),
(792, '20d242af-5c98-11e7-80ca-0cc47ad95011', 'тонак коричневый', 3),
(793, '8a1fea11-5c98-11e7-80ca-0cc47ad95011', 'тонак гортензия', 3),
(794, '5925da84-5cb5-11e7-80ca-0cc47ad95011', 'тонак васильковый', 3),
(795, '66932459-5cc1-11e7-80ca-0cc47ad95011', 'тонак баклажан', 3),
(796, 'ab64796a-5cc8-11e7-80ca-0cc47ad95011', 'тонак форель', 3),
(797, 'c1fba699-5cc9-11e7-80ca-0cc47ad95011', 'тонак розовый тюльпан', 3),
(798, '713249a1-5d57-11e7-80ca-0cc47ad95011', 'тонак шоколад', 3),
(799, '27a45d47-5d58-11e7-80ca-0cc47ad95011', 'шерсть диагональ белый', 3),
(800, '929f7943-5d63-11e7-80ca-0cc47ad95011', 'тонак голубой темный', 3),
(801, '150a1ef6-5d69-11e7-80ca-0cc47ad95011', 'букле рубчик молоко ', 3),
(802, '1eb54d74-5fc7-11e7-80ca-0cc47ad95011', 'тонак коричневый темный ', 3),
(803, '9c9fb5a6-5fdc-11e7-80ca-0cc47ad95011', 'тонак розовый кедр', 3),
(804, 'f5e1caff-5fdc-11e7-80ca-0cc47ad95011', 'мохер люрекс серый ', 3),
(805, '6a2be1d0-607f-11e7-80ca-0cc47ad95011', 'тонак коралл', 3),
(806, '0d8618e1-620b-11e7-80ca-0cc47ad95011', 'тонак сапфировый', 3),
(807, '0aa46fee-620c-11e7-80ca-0cc47ad95011', 'тонак бирюзовый', 3),
(808, 'd8582da1-620c-11e7-80ca-0cc47ad95011', 'тонак пунцовый', 3),
(809, '0de8cf3b-620f-11e7-80ca-0cc47ad95011', 'тонак мятный темный', 3),
(810, '5ecbf59d-6210-11e7-80ca-0cc47ad95011', 'тонак яблоко', 3),
(811, '68def27e-62ed-11e7-80ca-0cc47ad95011', 'мутон бежевый', 3),
(812, '8c74e5d3-62ed-11e7-80ca-0cc47ad95011', 'Замша зеленый', 3),
(813, '97939bbe-62ed-11e7-80ca-0cc47ad95011', 'огурцы', 3),
(814, 'dc32c1e0-62ed-11e7-80ca-0cc47ad95011', 'серый жемчуг', 3),
(815, 'e608e97a-62ed-11e7-80ca-0cc47ad95011', 'слоновая кость', 3),
(816, '1f27fad8-62ee-11e7-80ca-0cc47ad95011', 'Замша горчица', 3),
(817, '46e5c51c-62ee-11e7-80ca-0cc47ad95011', 'Замша белый', 3),
(818, '5aa90075-62ee-11e7-80ca-0cc47ad95011', 'Замша кофе', 3),
(819, '64562971-62ee-11e7-80ca-0cc47ad95011', 'Замша лиловый', 3),
(820, '6e18c8f1-62ee-11e7-80ca-0cc47ad95011', 'голубой темный', 3),
(821, '789a4460-62ee-11e7-80ca-0cc47ad95011', 'гортензия', 3),
(822, '8c5c3493-62ee-11e7-80ca-0cc47ad95011', 'кашемир оранжевый', 3),
(823, 'a4e6b6b5-62ee-11e7-80ca-0cc47ad95011', 'Замша сирень', 3),
(824, 'af46c62d-62ee-11e7-80ca-0cc47ad95011', 'Замша терракотовый', 3),
(825, 'ba1930a9-62ee-11e7-80ca-0cc47ad95011', 'белый золото', 3),
(826, 'c48c3d75-62ee-11e7-80ca-0cc47ad95011', 'Замша хаки', 3),
(827, 'e6620b75-62ee-11e7-80ca-0cc47ad95011', 'песок', 3),
(828, '06d2247a-62ef-11e7-80ca-0cc47ad95011', 'иней белый', 3),
(829, '11026f69-62ef-11e7-80ca-0cc47ad95011', 'иней фиолетовый', 3),
(830, '1b5db524-62ef-11e7-80ca-0cc47ad95011', 'иней черный', 3),
(831, '53dd58b1-62ef-11e7-80ca-0cc47ad95011', 'бежевый светлый', 3),
(832, '68e9ca2d-62ef-11e7-80ca-0cc47ad95011', 'белый серебро', 3),
(833, '9cb1d364-62ef-11e7-80ca-0cc47ad95011', 'розовый нежный', 3),
(834, 'a68f10a9-62ef-11e7-80ca-0cc47ad95011', 'розовый', 3),
(835, 'ccd164d8-62ef-11e7-80ca-0cc47ad95011', 'сапфир', 3),
(836, 'd6c3b258-62ef-11e7-80ca-0cc47ad95011', 'тонак бежевый темный', 3),
(837, 'a1814e0f-62f0-11e7-80ca-0cc47ad95011', 'серо-голубой', 3),
(838, 'b55073e9-62f0-11e7-80ca-0cc47ad95011', 'Замша слива', 3),
(839, 'bf5a993a-62f0-11e7-80ca-0cc47ad95011', 'сиреневый светлый', 3),
(840, 'e05806d3-62f0-11e7-80ca-0cc47ad95011', 'фиолетовый', 3),
(841, 'a2575f8f-65fe-11e7-80ca-0cc47ad95011', 'тонак сиреневый светлый', 3),
(842, '3726a3b6-71f9-11e7-80ca-0cc47ad95011', 'твид черный', 3),
(843, 'cd58ab26-769f-11e7-80ca-0cc47ad95011', 'люрикс серый + пайетки серая клетка', 3),
(844, '946c1ca6-76b8-11e7-80ca-0cc47ad95011', 'тонак красная глина', 3),
(845, '1c63757a-777a-11e7-80ca-0cc47ad95011', 'тонак бордовый', 3),
(846, '16596a11-78d2-11e7-80ca-0cc47ad95011', 'тонак зеленый темный', 3),
(847, '837e63f4-7900-11e7-80ca-0cc47ad95011', 'тонак сирень меланж', 3),
(848, 'f39a4ba6-7901-11e7-80ca-0cc47ad95011', 'тонак кофе с молоком меланж', 3),
(849, '13442417-7b45-11e7-80ca-0cc47ad95011', 'букле петелька мелкая пепел', 3),
(850, '841daf12-7b4c-11e7-80ca-0cc47ad95011', 'тонак аквамарин', 3),
(851, 'ca7b4f1f-7b4c-11e7-80ca-0cc47ad95011', 'тонак морская волна', 3),
(852, '0dc164c1-7b4e-11e7-80ca-0cc47ad95011', 'тонак серо-бежевый', 3),
(853, '3350ca45-7b4e-11e7-80ca-0cc47ad95011', 'тонак серый ', 3),
(854, '553f56d6-7b4e-11e7-80ca-0cc47ad95011', 'тонак серый темный', 3),
(855, '9059bf34-7b55-11e7-80ca-0cc47ad95011', 'тонак бежевый светлый меланж', 3),
(856, '1a5bf69e-7b56-11e7-80ca-0cc47ad95011', 'тонак коричневый меланж', 3),
(857, '3e35da5e-7b56-11e7-80ca-0cc47ad95011', 'тонак горчичный меланж', 3),
(858, '5f851e5e-7b56-11e7-80ca-0cc47ad95011', 'тонак хаки меланж', 3),
(859, 'a5680092-7b56-11e7-80ca-0cc47ad95011', 'тонак серо-лиловый меланж', 3),
(860, 'd4bc6767-7b56-11e7-80ca-0cc47ad95011', 'тонак красный меланж', 3),
(861, '032597af-7b57-11e7-80ca-0cc47ad95011', 'тонак сиреневый меланж', 3),
(862, '3e2a3ba3-7b57-11e7-80ca-0cc47ad95011', 'тонак бургундия меланж', 3),
(863, '62332e74-7b57-11e7-80ca-0cc47ad95011', 'тонак серый меланж', 3),
(864, 'a95d60fc-7b57-11e7-80ca-0cc47ad95011', 'тонак голубика морозная меланж', 3),
(865, 'd1325c12-7b57-11e7-80ca-0cc47ad95011', 'тонак синий темный меланж', 3),
(866, '7f6f758d-7b5d-11e7-80ca-0cc47ad95011', 'тонак синий меланж', 3),
(867, '1a6711a3-7b5e-11e7-80ca-0cc47ad95011', 'тонак верблюд меланж', 3),
(868, '7144dad2-7b5e-11e7-80ca-0cc47ad95011', 'тонак красный кирпич', 3),
(869, '55f2a07f-7bfd-11e7-80ca-0cc47ad95011', 'мятный', 3),
(870, '983a5ab6-7c02-11e7-80ca-0cc47ad95011', 'кашемир сирень пепельный + кружево', 3),
(871, 'ed84cda5-7c02-11e7-80ca-0cc47ad95011', 'кашемир пудра + сирень пепельная', 3),
(872, 'ea2172ec-7d04-11e7-80ca-0cc47ad95011', 'тонак слоновая кость', 3),
(873, 'c7bedf9e-7dbe-11e7-80ca-0cc47ad95011', 'кашемир кофе', 3),
(874, '135ee7b2-7e5d-11e7-80ca-0cc47ad95011', 'тонак пушистый красный', 3),
(875, '239dc0eb-7e5d-11e7-80ca-0cc47ad95011', 'тонак пушистый серо-лиловый', 3),
(876, 'b155cf32-7e78-11e7-80ca-0cc47ad95011', 'меланж василек', 3),
(877, '30b873c7-7e9d-11e7-80ca-0cc47ad95011', 'тонак пушистый молоко', 3),
(878, '667bf8f6-7e9d-11e7-80ca-0cc47ad95011', 'тонак пушистый бежевый светлый', 3),
(879, 'a8aa5707-7e9d-11e7-80ca-0cc47ad95011', 'тонак пушистый кофе с молоком', 3),
(880, 'e9ef9f58-7e9d-11e7-80ca-0cc47ad95011', 'тонак пушистый розовый светлый', 3),
(881, '4defd1dc-7e9e-11e7-80ca-0cc47ad95011', 'тонак пушистый зеленый', 3),
(882, 'fce222a5-7e9e-11e7-80ca-0cc47ad95011', 'тонак пушистый коричневый темный', 3),
(883, '103a1484-7e9f-11e7-80ca-0cc47ad95011', 'тонак пушистый черный', 3),
(884, '84da3b6e-7e9f-11e7-80ca-0cc47ad95011', 'тонак пушистый серый жемчуг', 3),
(885, '7652eb72-7ea0-11e7-80ca-0cc47ad95011', 'тонак пушистый асфальт', 3),
(886, 'b49eb294-7ea0-11e7-80ca-0cc47ad95011', 'тонак пушистый синий темный', 3),
(887, 'e3bcf050-7ea0-11e7-80ca-0cc47ad95011', 'тонак пушистый голубой темный', 3),
(888, '29aeb6a9-7ea1-11e7-80ca-0cc47ad95011', 'тонак пушистый черешня', 3),
(889, 'caca0c73-80d5-11e7-80ca-0cc47ad95011', 'тонак хаки', 3),
(890, '2f5a1819-80fe-11e7-80ca-0cc47ad95011', 'тонак какао', 3),
(891, '571500ee-80fe-11e7-80ca-0cc47ad95011', 'тонак дымчатый', 3),
(892, 'd0a90bd5-80ff-11e7-80ca-0cc47ad95011', 'тонак фуксия', 3),
(893, '0034dcbb-8100-11e7-80ca-0cc47ad95011', 'тонак чернослив ', 3),
(894, 'b66691c3-8100-11e7-80ca-0cc47ad95011', 'тонак бирюзовый светлый', 3),
(895, '108485c8-8101-11e7-80ca-0cc47ad95011', 'тонак горчица', 3),
(896, 'a9ab54cc-8890-11e7-80ca-0cc47ad95011', 'коричневый светлый', 3),
(897, 'bb8cf3f2-8890-11e7-80ca-0cc47ad95011', 'бело-черный', 3),
(898, 'd1a8fed4-8890-11e7-80ca-0cc47ad95011', 'рыжий + белый', 3),
(899, '36bcb483-8891-11e7-80ca-0cc47ad95011', 'синий темный', 3),
(900, 'a03c4288-88c9-11e7-80ca-0cc47ad95011', 'Асфальт', 3),
(901, 'b1db4ffa-88c9-11e7-80ca-0cc47ad95011', 'серый темный', 3),
(902, '19f17c8b-88cc-11e7-80ca-0cc47ad95011', 'лен голубой + синяя клетка', 3),
(903, 'a6360093-8998-11e7-80ca-0cc47ad95011', 'коричневый', 3),
(904, 'ba8aae0d-8c92-11e7-80ca-0cc47ad95011', 'форель', 3),
(905, '2256c46c-8c94-11e7-80ca-0cc47ad95011', 'тонак фиолетовый меланж', 3),
(906, 'd9e46355-8ca1-11e7-80ca-0cc47ad95011', 'букле петелька крупная коричневая', 3),
(907, '0f500afc-8ca2-11e7-80ca-0cc47ad95011', 'букле петелька крупная синяя', 3),
(908, '4c369f37-8ca2-11e7-80ca-0cc47ad95011', 'букле петелька крупная серая', 3),
(909, '81892544-8d57-11e7-80ce-0cc47ad95011', 'тонак гжель', 3),
(910, '15c7d38b-8d6a-11e7-80ce-0cc47ad95011', 'серый ', 3),
(911, '29294b1e-8d6a-11e7-80ce-0cc47ad95011', 'черный', 3),
(912, 'f4832083-5284-11e7-80c9-0cc47ad95011', 'Хлопок розовый', 3),
(913, '12776bf7-5285-11e7-80c9-0cc47ad95011', 'ажур розовый', 3),
(914, '7bfa03c4-5285-11e7-80c9-0cc47ad95011', 'Хлопок желтый', 3),
(915, '7bfa03c5-5285-11e7-80c9-0cc47ad95011', 'ажур лимонный ', 3),
(916, 'd722f1f2-5285-11e7-80c9-0cc47ad95011', 'Хлопок голубой', 3),
(917, 'd722f1f3-5285-11e7-80c9-0cc47ad95011', 'ажур голубой нежный', 3),
(918, '76cd9991-528a-11e7-80c9-0cc47ad95011', 'Хлопок белый', 3),
(919, '76cd9992-528a-11e7-80c9-0cc47ad95011', 'ажур белый ', 3),
(920, 'f48ca2f6-54b8-11e7-80c9-0cc47ad95011', 'трикотаж салатовый', 3),
(921, 'ab8d9f88-54c0-11e7-80c9-0cc47ad95011', 'Коричневый меланж', 3),
(922, '492e4044-54cc-11e7-80c9-0cc47ad95011', 'Трикотаж белый + лен бирюзовый', 3),
(923, '54e0fa3b-54cc-11e7-80c9-0cc47ad95011', 'Трикотаж белый + лен васильковый яркий', 3),
(924, '54e0fa3c-54cc-11e7-80c9-0cc47ad95011', 'Трикотаж белый + лен зеленый яркий', 3),
(925, '5ec15a89-54cc-11e7-80c9-0cc47ad95011', 'Трикотаж белый + лен оранжевый ', 3),
(926, '032b8d71-54cf-11e7-80c9-0cc47ad95011', 'лен бирюзовый', 3),
(927, '032b8d72-54cf-11e7-80c9-0cc47ad95011', 'лен зеленый яркий', 3),
(928, 'd580d56b-54d3-11e7-80c9-0cc47ad95011', 'лен белый + васильковый яркий + красный', 3),
(929, '05591ead-54e2-11e7-80c9-0cc47ad95011', 'лен белый + розовый яркий', 3),
(930, '27af6bec-54e2-11e7-80c9-0cc47ad95011', 'лен белый + желтый яркий', 3),
(931, '154cf2de-54e3-11e7-80c9-0cc47ad95011', 'ажур азалия + лен розовый яркий', 3),
(932, '2c72dffd-54e3-11e7-80c9-0cc47ad95011', 'ажур белый + гвоздика + лен красный', 3),
(933, '410473cd-54e3-11e7-80c9-0cc47ad95011', 'ажур белый + азалия + лен белый', 3),
(934, '5437304d-54e3-11e7-80c9-0cc47ad95011', 'ажур белый + азалия + лен розовый яркий', 3),
(935, '874d4647-54e3-11e7-80c9-0cc47ad95011', 'ажур белый + зеленый + лен белый', 3),
(936, '93b7d51e-54e3-11e7-80c9-0cc47ad95011', 'ажур белый + лен белый', 3),
(937, '9f725ec3-54e3-11e7-80c9-0cc47ad95011', 'ажур белый + лимонный + лен белый', 3),
(938, 'dd93ec8c-54e7-11e7-80c9-0cc47ad95011', 'ажур атлант светлый', 3),
(939, 'dd93ec8d-54e7-11e7-80c9-0cc47ad95011', 'ажур белый + коралловый ', 3),
(940, 'dd93ec8e-54e7-11e7-80c9-0cc47ad95011', 'ажур белый + атлант светлый', 3),
(941, 'ad78ff8d-54eb-11e7-80c9-0cc47ad95011', 'трикотаж белый +лен яблочный', 3),
(942, '4a62c0de-54f5-11e7-80c9-0cc47ad95011', 'бежевый  ', 3),
(943, '50e80c72-54f5-11e7-80c9-0cc47ad95011', 'коралловый', 3),
(944, '50e80c74-54f5-11e7-80c9-0cc47ad95011', 'красный ', 3),
(945, 'd445838f-54f5-11e7-80c9-0cc47ad95011', 'оранжевый ', 3),
(946, '9445c995-54f6-11e7-80c9-0cc47ad95011', 'фуксия', 3),
(947, '28e2bcf0-557c-11e7-80c9-0cc47ad95011', 'трикотаж Погони черничный', 3),
(948, '5def298c-5589-11e7-80c9-0cc47ad95011', 'трикотаж белый +лен васильковый', 3),
(949, '6425e756-5589-11e7-80c9-0cc47ad95011', 'трикотаж белый +лен желтый', 3),
(950, 'a8f386b1-5597-11e7-80c9-0cc47ad95011', 'белый ', 3),
(951, '43e8239d-55b9-11e7-80c9-0cc47ad95011', 'морская волна', 3),
(952, '6b2f252d-565b-11e7-80c9-0cc47ad95011', 'искусственная замша красный', 3),
(953, '0cfab070-565c-11e7-80c9-0cc47ad95011', 'искусственная замша черный', 3),
(954, 'fd58af30-5662-11e7-80c9-0cc47ad95011', 'трикотаж бирюзовый', 3),
(955, '3d415103-570c-11e7-80c9-0cc47ad95011', 'иск замша бежевый', 3),
(956, '3f421b2c-5710-11e7-80c9-0cc47ad95011', 'кашемир какао', 3),
(957, 'e88b0ec5-5710-11e7-80c9-0cc47ad95011', 'кашемир серый жемчуг', 3),
(958, 'f31beccf-5733-11e7-80c9-0cc47ad95011', 'кашемир молоко + кружево', 3),
(959, 'b84d4cb8-412d-11e7-80c9-0cc47ad95011', 'Замша синий', 3),
(960, '7dd500af-4139-11e7-80c9-0cc47ad95011', 'трикотаж серый', 3),
(961, 'a8546f16-4205-11e7-80c9-0cc47ad95011', 'тонак аметист', 3),
(962, '9ca83856-444b-11e7-80c9-0cc47ad95011', 'исскуственная замша бордовый темный', 3),
(963, 'e43cb79e-4602-11e7-80c9-0cc47ad95011', 'Астраган черный', 3),
(964, '6197b470-4603-11e7-80c9-0cc47ad95011', 'Астраган коричневый темный', 3),
(965, '13a9450b-4788-11e7-80c9-0cc47ad95011', 'твид бежевый', 3),
(966, '5c7aee1b-4788-11e7-80c9-0cc47ad95011', 'твид рыжий', 3),
(967, '2e438bf7-49d1-11e7-80c9-0cc47ad95011', 'Трикотаж северное сияние черный', 3),
(968, '38360f6c-49d1-11e7-80c9-0cc47ad95011', 'Трикотаж северное сияние бордовый', 3),
(969, '49037b8d-49d1-11e7-80c9-0cc47ad95011', 'Трикотаж северное сияние зеленый', 3),
(970, '58477aee-49d1-11e7-80c9-0cc47ad95011', 'Трикотаж северное сияние коричневый', 3),
(971, '656bd6af-49d1-11e7-80c9-0cc47ad95011', 'Трикотаж северное сияние пепельно - бежевый', 3),
(972, '7227562b-49d1-11e7-80c9-0cc47ad95011', 'Трикотаж северное сияние розово - серый', 3),
(973, '7993af9e-49d1-11e7-80c9-0cc47ad95011', 'Трикотаж северное сияние синий', 3),
(974, '04152134-49e5-11e7-80c9-0cc47ad95011', 'кашемир сливовый', 3),
(975, '02284f07-4aac-11e7-80c9-0cc47ad95011', 'Замша бордовый темный', 3),
(976, '677ea0a8-4abb-11e7-80c9-0cc47ad95011', 'Замша молоко', 3),
(977, 'b8dcf7ec-4ac1-11e7-80c9-0cc47ad95011', 'розовый темный', 3),
(978, '8aee70fc-4ac3-11e7-80c9-0cc47ad95011', 'трикотаж серый + серый темный', 3),
(979, '334e73b4-4b4f-11e7-80c9-0cc47ad95011', 'тонак персиковая пудра', 3),
(980, '4091cec9-4b4f-11e7-80c9-0cc47ad95011', 'космос черный', 3),
(981, '53892bb1-4b4f-11e7-80c9-0cc47ad95011', 'ирис', 3),
(982, 'edc5d8df-4b5c-11e7-80c9-0cc47ad95011', 'кашемир ассорти', 3),
(983, '4391d2a3-4b5d-11e7-80c9-0cc47ad95011', 'Замша коричневый', 3),
(984, '5b782317-4b5d-11e7-80c9-0cc47ad95011', 'тонак лососевый', 3),
(985, 'd7afa51a-4b65-11e7-80c9-0cc47ad95011', 'тонак синий темный', 3),
(986, '01bdf6f0-4b69-11e7-80c9-0cc47ad95011', 'тонак бежевый меланж', 3),
(987, '8d3b417c-4b70-11e7-80c9-0cc47ad95011', 'Астраган арабская ночь', 3),
(988, '2342c137-4b72-11e7-80c9-0cc47ad95011', 'Астраган жемчуг', 3),
(989, 'd2ab08d1-4b74-11e7-80c9-0cc47ad95011', 'мутон молоко', 3),
(990, '2fc5a891-4b75-11e7-80c9-0cc47ad95011', 'мутон черный', 3),
(991, '66189a35-4b75-11e7-80c9-0cc47ad95011', 'мутон пепел', 3),
(992, '8537b39f-4b75-11e7-80c9-0cc47ad95011', 'мутон какао темный', 3),
(993, 'a38f06ea-4b75-11e7-80c9-0cc47ad95011', 'мутон серый', 3),
(994, '82a36190-4b84-11e7-80c9-0cc47ad95011', 'Замша ирис', 3),
(995, '811cd0a9-4b85-11e7-80c9-0cc47ad95011', 'Замша бордовый ', 3),
(996, '96551ec6-4b85-11e7-80c9-0cc47ad95011', 'Замша брусника', 3),
(997, 'fb9559b5-4b85-11e7-80c9-0cc47ad95011', 'Замша мятный', 3),
(998, 'c4e57fea-4c2d-11e7-80c9-0cc47ad95011', 'шерсть мохер броусника', 3),
(999, 'da1b0f63-4c2d-11e7-80c9-0cc47ad95011', 'шерсть мохер диагональ белый', 3),
(1000, 'ee5129a2-4c2d-11e7-80c9-0cc47ad95011', 'шерсть мохер елка бежевый', 3),
(1001, 'fd9eb1d4-4c2d-11e7-80c9-0cc47ad95011', 'шерсть мохер коричневый', 3),
(1002, '07a90e26-4c2e-11e7-80c9-0cc47ad95011', 'шерсть мохер пепел', 3),
(1003, '10f5e8ac-4c2e-11e7-80c9-0cc47ad95011', 'шерсть мохер черный', 3),
(1004, '22795f33-4c2e-11e7-80c9-0cc47ad95011', 'шерсть мохер диагональ черный', 3),
(1005, '7c367ea0-4cec-11e7-80c9-0cc47ad95011', 'кашемир пепел', 3),
(1006, 'c31819e9-4d0a-11e7-80c9-0cc47ad95011', 'кашемир пудра', 3),
(1007, '81f91714-4d0b-11e7-80c9-0cc47ad95011', 'кашемир слива', 3),
(1008, 'b0d254e2-4d0d-11e7-80c9-0cc47ad95011', 'сукно лаванда', 3),
(1009, 'b0d254e3-4d0d-11e7-80c9-0cc47ad95011', 'сукно молоко', 3),
(1010, 'ba5003b6-4d0d-11e7-80c9-0cc47ad95011', 'сукно серый', 3),
(1011, 'ba5003b7-4d0d-11e7-80c9-0cc47ad95011', 'сукно серый темный', 3),
(1012, 'c2115ce9-4d0d-11e7-80c9-0cc47ad95011', 'сукно сирень', 3),
(1013, 'c965f195-4d0d-11e7-80c9-0cc47ad95011', 'сукно терракот', 3),
(1014, 'c965f196-4d0d-11e7-80c9-0cc47ad95011', 'сукно черный', 3),
(1015, '7fb9db87-502d-11e7-80c9-0cc47ad95011', 'мутон арабская ночь', 3),
(1016, 'bd04dcd0-50c8-11e7-80c9-0cc47ad95011', 'трикотаж Погони черный меланж', 3),
(1017, '0aab2a95-50cd-11e7-80c9-0cc47ad95011', 'трикотаж Погони коричневый темный меланж', 3),
(1018, '71d4d8e3-50cd-11e7-80c9-0cc47ad95011', 'трикотаж Погони синий угольный меланж', 3),
(1019, '26ca2483-50cf-11e7-80c9-0cc47ad95011', 'трикотаж Погони фиолетовый меланж', 3),
(1020, 'd47b111a-50cf-11e7-80c9-0cc47ad95011', 'трикотаж Погони винный меланж', 3),
(1021, '30d9fbab-50d0-11e7-80c9-0cc47ad95011', 'трикотаж Погони красный меланж', 3),
(1022, '0e41a864-50f3-11e7-80c9-0cc47ad95011', 'коричневый средний', 3),
(1023, '0e41a865-50f3-11e7-80c9-0cc47ad95011', 'кофе с молоком', 3),
(1024, '34e7b3bf-50fa-11e7-80c9-0cc47ad95011', 'мохер люрекс красный ', 3),
(1025, '20e6aa88-3649-11e7-80c6-0cc47ad95011', 'трикотаж черный', 3),
(1026, '3daeaa81-3649-11e7-80c6-0cc47ad95011', 'лен белый', 3),
(1027, '3daeaa82-3649-11e7-80c6-0cc47ad95011', 'лен оранжевый светлый', 3),
(1028, '3daeaa83-3649-11e7-80c6-0cc47ad95011', 'трикотаж пион', 3),
(1029, '3daeaa84-3649-11e7-80c6-0cc47ad95011', 'трикотаж красный', 3),
(1030, '3daeaa85-3649-11e7-80c6-0cc47ad95011', 'трикотаж слива', 3),
(1031, '3daeaa86-3649-11e7-80c6-0cc47ad95011', 'трикотаж зеленый', 3),
(1032, '3daeaa87-3649-11e7-80c6-0cc47ad95011', 'трикотаж коричневый темный', 3),
(1033, '3daeaa88-3649-11e7-80c6-0cc47ad95011', 'трикотаж брусника', 3),
(1034, '3daeaa89-3649-11e7-80c6-0cc47ad95011', 'трикотаж серый темный', 3),
(1035, '3daeaa8a-3649-11e7-80c6-0cc47ad95011', 'Трикотаж азалия', 3),
(1036, '3daeaa8b-3649-11e7-80c6-0cc47ad95011', 'Трикотаж белый', 3),
(1037, '3daeaa8c-3649-11e7-80c6-0cc47ad95011', 'Трикотаж желтый', 3),
(1038, '3daeaa8d-3649-11e7-80c6-0cc47ad95011', 'Трикотаж коралловый', 3),
(1039, '3daeaa8e-3649-11e7-80c6-0cc47ad95011', 'Трикотаж молочный', 3),
(1040, '3daeaa8f-3649-11e7-80c6-0cc47ad95011', 'Трикотаж мятный', 3),
(1041, '3daeaa90-3649-11e7-80c6-0cc47ad95011', 'Трикотаж оранжевый', 3),
(1042, '3daeaa91-3649-11e7-80c6-0cc47ad95011', 'Трикотаж розовый светлый', 3),
(1043, '3daeaa92-3649-11e7-80c6-0cc47ad95011', 'лен солома', 3),
(1044, '3daeaa93-3649-11e7-80c6-0cc47ad95011', 'лен желтый', 3),
(1045, '3daeaa94-3649-11e7-80c6-0cc47ad95011', 'лен чайная роза', 3),
(1046, '3daeaa95-3649-11e7-80c6-0cc47ad95011', 'лен аквамарин светлый', 3),
(1047, '3daeaa96-3649-11e7-80c6-0cc47ad95011', 'лен серо-голубой ', 3),
(1048, '3daeaa97-3649-11e7-80c6-0cc47ad95011', 'лен джинса', 3),
(1049, '3daeaa98-3649-11e7-80c6-0cc47ad95011', 'лен солома солнечная', 3),
(1050, '3daeaa99-3649-11e7-80c6-0cc47ad95011', 'лен фламинго', 3),
(1051, '3daeaa9a-3649-11e7-80c6-0cc47ad95011', 'лен мятный', 3),
(1052, '3daeaa9b-3649-11e7-80c6-0cc47ad95011', 'лен синий речной', 3),
(1053, '3daeaa9c-3649-11e7-80c6-0cc47ad95011', 'лен синий', 3),
(1054, '3daeaa9d-3649-11e7-80c6-0cc47ad95011', 'лен яблочный', 3),
(1055, '3daeaa9e-3649-11e7-80c6-0cc47ad95011', 'лен персиковый', 3),
(1056, '3daeaa9f-3649-11e7-80c6-0cc47ad95011', 'лен малиновый', 3),
(1057, '3daeaaa0-3649-11e7-80c6-0cc47ad95011', 'лен розовый светлый', 3),
(1058, '3daeaaa1-3649-11e7-80c6-0cc47ad95011', 'лен коралл ', 3),
(1059, '3daeaaa2-3649-11e7-80c6-0cc47ad95011', 'лен оливковый', 3),
(1060, '3daeaaa3-3649-11e7-80c6-0cc47ad95011', 'лен белый + аквамарин светлый', 3),
(1061, '3daeaaa4-3649-11e7-80c6-0cc47ad95011', 'трикотаж баклажановый', 3),
(1062, '3daeaaa5-3649-11e7-80c6-0cc47ad95011', 'трикотаж розовый темный', 3),
(1063, '3daeaaa6-3649-11e7-80c6-0cc47ad95011', 'лен белый + желтый', 3),
(1064, '3daeaaa7-3649-11e7-80c6-0cc47ad95011', 'лен белый + коралл', 3),
(1065, '3daeaaa8-3649-11e7-80c6-0cc47ad95011', 'лен белый + речной синий', 3),
(1066, '3daeaaa9-3649-11e7-80c6-0cc47ad95011', 'лен белый + синий', 3),
(1067, '3daeaaaa-3649-11e7-80c6-0cc47ad95011', 'лен солома + золотисто-коричневый', 3),
(1068, '3daeaaab-3649-11e7-80c6-0cc47ad95011', 'лен серо-голубой +  речной синий', 3),
(1069, '3daeaaac-3649-11e7-80c6-0cc47ad95011', 'лен белый + серо-голубой', 3),
(1070, '3daeaaad-3649-11e7-80c6-0cc47ad95011', 'Трикотаж кашемировый сиреневый меланж', 3),
(1071, '3daeaaae-3649-11e7-80c6-0cc47ad95011', 'трикотаж какао', 3),
(1072, '3daeaaaf-3649-11e7-80c6-0cc47ad95011', 'лен золотисто-коричневый', 3),
(1073, '3daeaab0-3649-11e7-80c6-0cc47ad95011', 'лен желто-зеленый', 3),
(1074, '441e43dd-3649-11e7-80c6-0cc47ad95011', 'трикотаж белый +лен малиновый', 3),
(1075, '441e43de-3649-11e7-80c6-0cc47ad95011', 'трикотаж белый +лен оранжевый светлый', 3),
(1076, '441e43df-3649-11e7-80c6-0cc47ad95011', 'трикотаж белый +лен розовый светлый', 3),
(1077, '441e43e0-3649-11e7-80c6-0cc47ad95011', 'трикотаж белый +лен персиковый', 3),
(1078, '441e43e1-3649-11e7-80c6-0cc47ad95011', 'лен оранжевый', 3),
(1079, '441e43e2-3649-11e7-80c6-0cc47ad95011', 'трикотаж арабская ночь', 3),
(1080, '441e43e3-3649-11e7-80c6-0cc47ad95011', 'трикотаж коричневый меланж', 3),
(1081, '441e43e4-3649-11e7-80c6-0cc47ad95011', 'трикотаж серый меланж', 3),
(1082, '441e43e5-3649-11e7-80c6-0cc47ad95011', 'трикотаж горчичный', 3),
(1083, '441e43e6-3649-11e7-80c6-0cc47ad95011', 'трикотаж чайная роза', 3),
(1084, '441e43e7-3649-11e7-80c6-0cc47ad95011', 'трикотаж бежевый', 3),
(1085, '441e43e8-3649-11e7-80c6-0cc47ad95011', 'трикотаж Погони оливковый меланж', 3),
(1086, '441e43e9-3649-11e7-80c6-0cc47ad95011', 'трикотаж серый темный меланж', 3),
(1087, '441e43ea-3649-11e7-80c6-0cc47ad95011', 'трикотаж Погони бежевый меланж', 3),
(1088, '441e43eb-3649-11e7-80c6-0cc47ad95011', 'трикотаж Погони серо - розовый меланж', 3),
(1089, '441e43ec-3649-11e7-80c6-0cc47ad95011', 'кашемир коричневый темный', 3),
(1090, '441e43ed-3649-11e7-80c6-0cc47ad95011', 'кашемир васильковый', 3),
(1091, '441e43ee-3649-11e7-80c6-0cc47ad95011', 'кашемир кофейный', 3),
(1092, '441e43ef-3649-11e7-80c6-0cc47ad95011', 'кашемир ягодный', 3),
(1093, '441e43f0-3649-11e7-80c6-0cc47ad95011', 'кашемир сирень светлая', 3),
(1094, '441e43f1-3649-11e7-80c6-0cc47ad95011', 'шерсть коричневая + пайетки коричневая клетка', 3),
(1095, '441e43f2-3649-11e7-80c6-0cc47ad95011', 'трикотаж васильковый', 3),
(1096, '441e43f3-3649-11e7-80c6-0cc47ad95011', 'трикотаж вишневый', 3),
(1097, '441e43f4-3649-11e7-80c6-0cc47ad95011', 'Замша красная', 3),
(1098, '441e43f5-3649-11e7-80c6-0cc47ad95011', 'трикотаж бугола черный', 3),
(1099, '441e43f6-3649-11e7-80c6-0cc47ad95011', 'трикотаж бирюзовый', 3),
(1100, '441e43f7-3649-11e7-80c6-0cc47ad95011', 'кашемир зеленый', 3),
(1101, '441e43f8-3649-11e7-80c6-0cc47ad95011', 'кашемир вишневый', 3),
(1102, '441e43f9-3649-11e7-80c6-0cc47ad95011', 'кашемир горчичный', 3),
(1103, '441e43fa-3649-11e7-80c6-0cc47ad95011', 'кашемир коралл', 3),
(1104, '441e43fb-3649-11e7-80c6-0cc47ad95011', 'кашемир оливковый', 3),
(1105, '441e43fc-3649-11e7-80c6-0cc47ad95011', 'кашемир серый светлый', 3),
(1106, '441e43fd-3649-11e7-80c6-0cc47ad95011', 'кашемир черный', 3),
(1107, '441e43fe-3649-11e7-80c6-0cc47ad95011', 'букле петелька крупная зеленая', 3),
(1108, '441e43ff-3649-11e7-80c6-0cc47ad95011', 'трикотаж бугола синий светлый', 3),
(1109, '441e4400-3649-11e7-80c6-0cc47ad95011', 'трикотаж сиреневый', 3),
(1110, '441e4401-3649-11e7-80c6-0cc47ad95011', 'трикотаж морская волна', 3),
(1111, '441e4402-3649-11e7-80c6-0cc47ad95011', 'трикотаж лавандовый', 3),
(1112, '441e4403-3649-11e7-80c6-0cc47ad95011', 'трикотаж синий темный', 3),
(1113, '441e4404-3649-11e7-80c6-0cc47ad95011', 'Замша арабская ночь', 3),
(1114, '441e4405-3649-11e7-80c6-0cc47ad95011', 'Замша бургундия', 3),
(1115, '441e4406-3649-11e7-80c6-0cc47ad95011', 'Замша коричневый темный', 3),
(1116, '441e4407-3649-11e7-80c6-0cc47ad95011', 'Замша кофе с молоком', 3),
(1117, '441e4408-3649-11e7-80c6-0cc47ad95011', 'Замша сапфир', 3),
(1118, '441e4409-3649-11e7-80c6-0cc47ad95011', 'Замша черная', 3),
(1119, '441e440a-3649-11e7-80c6-0cc47ad95011', 'кашемир какао темный', 3),
(1120, '441e440b-3649-11e7-80c6-0cc47ad95011', 'кашемир красный', 3),
(1121, '4a17d014-3649-11e7-80c6-0cc47ad95011', 'кашемир маренго', 3),
(1122, '4a17d015-3649-11e7-80c6-0cc47ad95011', 'кашемир молоко', 3),
(1123, '4a17d016-3649-11e7-80c6-0cc47ad95011', 'кашемир синий темный', 3),
(1124, '4a17d017-3649-11e7-80c6-0cc47ad95011', 'кашемир сирень', 3),
(1125, '4a17d018-3649-11e7-80c6-0cc47ad95011', 'кашемир слоновая кость', 3),
(1126, '4a17d019-3649-11e7-80c6-0cc47ad95011', 'кашемир серый темный', 3),
(1127, '4a17d01a-3649-11e7-80c6-0cc47ad95011', 'лен васильковый', 3),
(1128, '4a17d01b-3649-11e7-80c6-0cc47ad95011', 'трикотаж бугола белый', 3),
(1129, '4a17d01c-3649-11e7-80c6-0cc47ad95011', 'трикотаж бугола синий', 3),
(1130, '4a17d01d-3649-11e7-80c6-0cc47ad95011', 'лен аквамарин', 3),
(1131, '4a17d01e-3649-11e7-80c6-0cc47ad95011', 'лен белый + красный', 3),
(1132, '4a17d01f-3649-11e7-80c6-0cc47ad95011', 'Трикотаж кашемировый черный', 3),
(1133, '4a17d020-3649-11e7-80c6-0cc47ad95011', 'Трикотаж кашемировый синий меланж', 3),
(1134, '4a17d021-3649-11e7-80c6-0cc47ad95011', 'Трикотаж кашемировый синий темный ', 3),
(1135, '4a17d022-3649-11e7-80c6-0cc47ad95011', 'Трикотаж кашемировый кофейный меланж', 3),
(1136, '4a17d023-3649-11e7-80c6-0cc47ad95011', 'Трикотаж кашемировый серый темный меланж', 3),
(1137, '4a17d024-3649-11e7-80c6-0cc47ad95011', 'Трикотаж кашемировый вишневый', 3),
(1138, '4a17d025-3649-11e7-80c6-0cc47ad95011', 'Трикотаж кашемировый коричневый темный', 3),
(1139, '4a17d026-3649-11e7-80c6-0cc47ad95011', 'Трикотаж кашемировый какао темный', 3),
(1140, '4a17d027-3649-11e7-80c6-0cc47ad95011', 'Трикотаж кашемировый зеленый майский', 3),
(1141, '4a17d028-3649-11e7-80c6-0cc47ad95011', 'Трикотаж кашемировый брусничный', 3),
(1142, '4a17d029-3649-11e7-80c6-0cc47ad95011', 'Трикотаж кашемировый бежевый меланж', 3),
(1143, '4a17d02a-3649-11e7-80c6-0cc47ad95011', 'трикотаж бугола серый светлый', 3),
(1144, '51e5eb31-3649-11e7-80c6-0cc47ad95011', 'трикотаж бугола вишневый', 3),
(1145, '51e5eb32-3649-11e7-80c6-0cc47ad95011', 'трикотаж бугола серый', 3),
(1146, '51e5eb33-3649-11e7-80c6-0cc47ad95011', 'трикотаж косички какао меланж', 3),
(1147, '51e5eb34-3649-11e7-80c6-0cc47ad95011', 'трикотаж косички серый меланж', 3),
(1148, '51e5eb35-3649-11e7-80c6-0cc47ad95011', 'трикотаж косички джинсовый', 3),
(1149, '51e5eb36-3649-11e7-80c6-0cc47ad95011', 'трикотаж бугола коричневый', 3),
(1150, '51e5eb37-3649-11e7-80c6-0cc47ad95011', 'черно-серый жаккард', 3),
(1151, '51e5eb38-3649-11e7-80c6-0cc47ad95011', 'черно-вишневый жаккард', 3),
(1152, '51e5eb39-3649-11e7-80c6-0cc47ad95011', 'коричнево-бежевый жаккард', 3),
(1153, '51e5eb3a-3649-11e7-80c6-0cc47ad95011', 'серо-голубой жаккард', 3),
(1154, '51e5eb3b-3649-11e7-80c6-0cc47ad95011', 'сине-зеленый жаккард', 3),
(1155, '51e5eb3c-3649-11e7-80c6-0cc47ad95011', 'букле петелька белый ', 3),
(1156, '51e5eb3d-3649-11e7-80c6-0cc47ad95011', 'трикотаж ягодный светлый', 3),
(1157, '51e5eb3e-3649-11e7-80c6-0cc47ad95011', 'ажур белый + голубой нежный + лен белый', 3),
(1158, '51e5eb3f-3649-11e7-80c6-0cc47ad95011', 'Трикотаж кашемировый серый меланж', 3),
(1159, '51e5eb40-3649-11e7-80c6-0cc47ad95011', 'шерсть серая + пайетки серая клетка', 3),
(1160, '51e5eb41-3649-11e7-80c6-0cc47ad95011', 'шерсть черная + пайетки черные', 3),
(1161, '51e5eb42-3649-11e7-80c6-0cc47ad95011', 'трикотаж антрацит', 3),
(1162, '58f7a903-3649-11e7-80c6-0cc47ad95011', 'кашемир гусиные лапки ', 3),
(1163, '32ffe837-36e4-11e7-80c6-0cc47ad95011', 'трикотаж бугола авокадо', 3),
(1164, '88c82b9a-36e4-11e7-80c6-0cc47ad95011', 'тонак бежевый', 3),
(1165, '97982af5-36e4-11e7-80c6-0cc47ad95011', 'тонак черный ', 3),
(1166, '6ccf7a89-36e5-11e7-80c6-0cc47ad95011', '', 3),
(1167, '4aff6e64-36e6-11e7-80c6-0cc47ad95011', 'трикотаж бугола коричневый темный', 3),
(1168, '851cf313-36e6-11e7-80c6-0cc47ad95011', 'трикотаж бугола бежевый', 3),
(1169, 'e281ca12-370d-11e7-80c6-0cc47ad95011', 'трикотаж хаки', 3),
(1170, '2dc0e33f-370f-11e7-80c6-0cc47ad95011', 'трикотаж Погони серый меланж', 3),
(1171, '386b6cf3-370f-11e7-80c6-0cc47ad95011', 'трикотаж Погони серый темный меланж', 3),
(1172, '386b6cf6-370f-11e7-80c6-0cc47ad95011', 'трикотаж Погони синий меланж', 3),
(1173, 'd3c78f29-3711-11e7-80c6-0cc47ad95011', 'лен желтый яркий', 3),
(1174, '1c85f039-3954-11e7-80c6-0cc47ad95011', 'Астраган кашемир', 3),
(1175, '4e38be09-3a22-11e7-80c7-0cc47ad95011', 'кашемир марсала', 3),
(1176, '78002851-3a29-11e7-80c7-0cc47ad95011', 'кашемир бежевый', 3),
(1177, 'eee49384-3a2c-11e7-80c7-0cc47ad95011', 'Замша бежевый ', 3),
(1178, '8a8e28d5-3a2d-11e7-80c7-0cc47ad95011', 'кашемир персиковая пудра', 3),
(1179, '3c9df20a-3acf-11e7-80c7-0cc47ad95011', 'тонак горчичный светлый', 3),
(1180, 'a56613f8-3b03-11e7-80c7-0cc47ad95011', 'тонак розовый', 3),
(1181, '1493835e-3b04-11e7-80c7-0cc47ad95011', 'тонак розовый светлый', 3),
(1182, '230a72c5-3b04-11e7-80c7-0cc47ad95011', 'тонак розовый темный', 3),
(1183, '2ce9e28d-3b04-11e7-80c7-0cc47ad95011', 'тонак свинец ', 3),
(1184, '4534552b-3b04-11e7-80c7-0cc47ad95011', 'тонак фиолетовый ', 3),
(1185, '851c4740-3b04-11e7-80c7-0cc47ad95011', 'тонак красный яркий', 3),
(1186, '92c9097c-3b04-11e7-80c7-0cc47ad95011', 'тонак белый', 3),
(1187, 'e680aff8-3b04-11e7-80c7-0cc47ad95011', 'тонак кофе с молоком', 3),
(1188, '04ae27bc-3b05-11e7-80c7-0cc47ad95011', 'тонак молоко', 3),
(1189, '4b815bd6-3b05-11e7-80c7-0cc47ad95011', 'тонак розово-сиреневый', 3),
(1190, '968daccd-3b05-11e7-80c7-0cc47ad95011', 'тонак бежевый светлый', 3),
(1191, 'a0cedf38-3b05-11e7-80c7-0cc47ad95011', 'тонак асфальт', 3),
(1192, 'e3c6f049-3b05-11e7-80c7-0cc47ad95011', 'тонак лиловый', 3),
(1193, 'f694fcf4-3b05-11e7-80c7-0cc47ad95011', 'розовый светлый', 3),
(1194, '171b39e7-3b06-11e7-80c7-0cc47ad95011', 'тонак серо-лиловый', 3),
(1195, '2c90e1af-3b06-11e7-80c7-0cc47ad95011', 'тонак черешня', 3),
(1196, '3406f35e-3b06-11e7-80c7-0cc47ad95011', 'тонак серый жемчуг', 3),
(1197, 'ba48d3cc-3b8d-11e7-80c7-0cc47ad95011', 'Астраган пепел', 3),
(1198, '6bf6af43-3bba-11e7-80c7-0cc47ad95011', 'кашемир серый', 3),
(1199, '772b148c-3bcd-11e7-80c7-0cc47ad95011', 'коричневый темный', 3),
(1200, '7d82d819-3bcd-11e7-80c7-0cc47ad95011', 'Замша серый', 3),
(1201, 'a32ffc07-3ead-11e7-80c7-0cc47ad95011', 'трикотаж синий', 3),
(1202, '19229490-3ed8-11e7-80c7-0cc47ad95011', 'сукно красный', 3),
(1203, '1fd4f24b-3ed8-11e7-80c7-0cc47ad95011', 'золото', 3),
(1204, '261a08fa-3ed8-11e7-80c7-0cc47ad95011', 'космос бежевый', 3),
(1205, '261a08fb-3ed8-11e7-80c7-0cc47ad95011', 'черный серебро', 3),
(1206, '322c2f61-3ed8-11e7-80c7-0cc47ad95011', 'желтый', 3),
(1207, '38e105a1-3ed8-11e7-80c7-0cc47ad95011', 'кофе серый', 3),
(1208, '41940694-3ed8-11e7-80c7-0cc47ad95011', 'салатовый+голубой', 3),
(1209, '34b97318-3ede-11e7-80c7-0cc47ad95011', 'лен белый + зеленый яркий', 3),
(1210, '705d3035-3ede-11e7-80c7-0cc47ad95011', 'лен белый + оранжевый', 3),
(1211, '8c2d6625-3ede-11e7-80c7-0cc47ad95011', 'лен белый + васильковый яркий', 3),
(1212, '726bcefe-3ee0-11e7-80c7-0cc47ad95011', 'лен белый + бирюзовый', 3),
(1213, 'fd83ac47-3ee9-11e7-80c7-0cc47ad95011', 'чимоне', 3),
(1214, '6432fdf6-3eea-11e7-80c7-0cc47ad95011', 'ткань ассорти', 3),
(1215, '6253b911-3f7f-11e7-80c7-0cc47ad95011', 'кашемир коралл светлый', 3),
(1216, '036b4e45-3f80-11e7-80c7-0cc47ad95011', 'кашемир сирень пепельная', 3),
(1217, 'd5386eb8-3f80-11e7-80c7-0cc47ad95011', 'кашемир лаванда', 3),
(1218, '4d2dc534-3f81-11e7-80c7-0cc47ad95011', 'кашемир брусника', 3),
(1219, '363c6be7-3f82-11e7-80c7-0cc47ad95011', 'кашемир мятный', 3),
(1220, '6c6a5480-3f82-11e7-80c7-0cc47ad95011', 'кашемир песок', 3),
(1221, '5af41e51-3f83-11e7-80c7-0cc47ad95011', 'кашемир мел-пудра', 3),
(1222, 'ccf877e7-3f87-11e7-80c7-0cc47ad95011', 'кашемир лаванда светлая', 3),
(1223, '91033445-3f89-11e7-80c7-0cc47ad95011', 'кашемир песочный', 3),
(1224, 'eb022f16-3f89-11e7-80c7-0cc47ad95011', 'кашемир чайная роза', 3),
(1225, '4f5b119e-3fbd-11e7-80c7-0cc47ad95011', 'Трикотаж кашемировый коричнево-кофейный', 3),
(1226, 'cb0140b3-3fbd-11e7-80c7-0cc47ad95011', 'Трикотаж кашемировый серо-сиреневый', 3),
(1227, 'e638d300-3fbe-11e7-80c7-0cc47ad95011', 'Трикотаж кашемировый черно-серый', 3),
(1228, '93a06962-3fbf-11e7-80c7-0cc47ad95011', 'Трикотаж кашемировый серо-синий', 3),
(1229, '36dea8c5-3fc6-11e7-80c7-0cc47ad95011', 'Трикотаж метелица снежно-черный', 3),
(1230, '677d4708-3fc6-11e7-80c7-0cc47ad95011', 'Трикотаж метелица снежно-серый', 3),
(1231, '8cd02773-3fc6-11e7-80c7-0cc47ad95011', 'Трикотаж метелица снежно-бежевый', 3),
(1232, 'a5f40aff-3c68-11e6-b3e2-8c89a5330538', 'б/р', 4),
(1233, '89ace572-62b5-11e6-bbbd-8c89a5330538', '59-60', 4),
(1234, 'b33d002e-62b5-11e6-bbbd-8c89a5330538', '56-58', 4),
(1235, '3e3ca7a1-bd9c-11e8-80ef-0cc47ad95011', '51-52', 4),
(1236, '6e112e7a-9c70-11e8-80e8-0cc47ad95011', '0', 4),
(1237, 'ebe1955d-4814-11e6-a653-8c89a5330538', '57-58', 4),
(1238, 'cc7091a2-6b1c-11e8-80e2-0cc47ad95011', 'РАЗМЕРЫ КУПИШУЗ', 4),
(1239, '1066d937-6b1d-11e8-80e2-0cc47ad95011', 'КУПИШУЗ', 4),
(1240, '2396ab3f-6b1d-11e8-80e2-0cc47ad95011', '56-58, Ширина 29, длина 69', 4),
(1241, '7936f533-68ac-11e8-80e2-0cc47ad95011', '57 ', 4),
(1242, '3547d53c-68b5-11e8-80e2-0cc47ad95011', '58 ', 4),
(1243, '0fac6d69-93cf-11e8-80e7-0cc47ad95011', 'р-р 11.5', 4),
(1244, 'd726c131-9582-11e8-80e8-0cc47ad95011', 'р-р 11', 4),
(1245, '5fdf6984-865f-11e8-80e5-0cc47ad95011', '62', 4),
(1246, '01312a0c-73c0-11e8-80e3-0cc47ad95011', '61-62', 4),
(1247, '83890ac6-866c-11e8-80e5-0cc47ad95011', '56-58, Ширина 35, длина 24', 4),
(1248, '0dcb5739-866e-11e8-80e5-0cc47ad95011', '56-58, Ширина 35, длина 25', 4),
(1249, '98eb56c7-1bc4-11e8-80d4-0cc47ad95011', '55-56', 4),
(1250, '8feb4c80-01dd-11e8-80d3-0cc47ad95011', '59', 4),
(1251, '79b5454e-10a0-11e8-80d4-0cc47ad95011', '55', 4),
(1252, '1453d131-ec7e-11e7-80d1-0cc47ad95011', '48-50', 4),
(1253, 'ad306bd3-ec7e-11e7-80d1-0cc47ad95011', '50-54', 4),
(1254, 'eded1b7a-e3d4-11e7-80d1-0cc47ad95011', '56', 4),
(1255, '45d8e50f-e3d6-11e7-80d1-0cc47ad95011', '52', 4),
(1256, '9df47f93-e3e0-11e7-80d1-0cc47ad95011', '54', 4),
(1257, 'a53a65b6-e3e6-11e7-80d1-0cc47ad95011', '51-53', 4),
(1258, '6cdd5932-ebaf-11e7-80d1-0cc47ad95011', '54-56', 4),
(1259, '57be5f2b-9d3f-11e7-80ce-0cc47ad95011', '56-57', 4),
(1260, '26521d23-527b-11e7-80c9-0cc47ad95011', 'р-р XS', 4),
(1261, '0d3917ee-527d-11e7-80c9-0cc47ad95011', 'XXS', 4),
(1262, '0a5090f8-5284-11e7-80c9-0cc47ad95011', 'р-р L', 4),
(1263, '9ed5679f-1471-11e7-80c5-0cc47ad95011', '46-47', 4),
(1264, '10ecba85-1473-11e7-80c5-0cc47ad95011', '48-49', 4),
(1265, '9b102966-7db6-11e7-80ca-0cc47ad95011', '58-59', 4),
(1266, '8338f0ee-12b8-11e7-80c5-0cc47ad95011', '54-55', 4),
(1267, 'cd6328d2-1083-11e7-80c4-0cc47ad95011', '52-53', 4),
(1268, 'f59a7408-1389-11e7-80c5-0cc47ad95011', '50-51', 4),
(1269, 'b4e0e74f-1396-11e7-80c5-0cc47ad95011', '46-48', 4),
(1270, 'e9b5196e-1396-11e7-80c5-0cc47ad95011', '49-50', 4),
(1271, '50b9678a-1e89-11e7-80c5-0cc47ad95011', 'р-р S', 4),
(1272, '84f7302a-1e8a-11e7-80c5-0cc47ad95011', 'р-р М', 4),
(1273, 'true', 'Да', 5),
(1274, 'false', 'Нет', 5);

-- --------------------------------------------------------

--
-- Структура таблицы `offer_rests`
--

CREATE TABLE `offer_rests` (
  `id` int(11) NOT NULL,
  `id_offer` int(11) DEFAULT NULL,
  `id_warehouse` int(11) DEFAULT NULL,
  `quantity` int(11) NOT NULL
) ENGINE=InnoDB DEFAULT CHARSET=utf8;

--
-- Дамп данных таблицы `offer_rests`
--

INSERT INTO `offer_rests` (`id`, `id_offer`, `id_warehouse`, `quantity`) VALUES
(1, 1, 1, 0),
(2, 2, 1, 0),
(3, 3, 1, 0),
(4, 4, 1, 0),
(5, 5, 1, 0),
(6, 6, 1, 2),
(7, 7, 1, 6),
(8, 8, 1, 1),
(9, 9, 1, 1),
(10, 10, 1, 0),
(11, 11, 1, 1),
(12, 12, 1, 0),
(13, 13, 1, 0),
(14, 14, 1, 0),
(15, 15, 1, 1),
(16, 16, 1, 0);

-- --------------------------------------------------------

--
-- Структура таблицы `photo`
--

CREATE TABLE `photo` (
  `id` int(11) NOT NULL,
  `path` text NOT NULL
) ENGINE=InnoDB DEFAULT CHARSET=utf8;

--
-- Дамп данных таблицы `photo`
--

INSERT INTO `photo` (`id`, `path`) VALUES
(1, 'import_files/f7/f76798c1-f535-11e7-80d1-0cc47ad95011_15ba5d8c-d905-11e8-aac6-408d5ca0507b.jpg'),
(2, 'import_files/d7/d72aa627-f537-11e7-80d1-0cc47ad95011_ee389115-d904-11e8-aac6-408d5ca0507b.jpg'),
(3, 'import_files/d7/d72aa627-f537-11e7-80d1-0cc47ad95011_fc3f9f7a-d904-11e8-aac6-408d5ca0507b.jpg'),
(4, 'import_files/d7/d72aa627-f537-11e7-80d1-0cc47ad95011_03370507-d905-11e8-aac6-408d5ca0507b.jpg'),
(5, 'import_files/3b/3b612234-f538-11e7-80d1-0cc47ad95011_1f1648f2-d905-11e8-aac6-408d5ca0507b.jpg'),
(6, 'import_files/3b/3b612234-f538-11e7-80d1-0cc47ad95011_287a4ac4-d905-11e8-aac6-408d5ca0507b.jpg'),
(7, 'import_files/c3/c3bf8a5d-0fc4-11e8-80d4-0cc47ad95011_1f1648f1-d905-11e8-aac6-408d5ca0507b.jpg');

-- --------------------------------------------------------

--
-- Структура таблицы `price_type`
--

CREATE TABLE `price_type` (
  `id` int(11) NOT NULL,
  `uid` varchar(50) NOT NULL,
  `name` text NOT NULL,
  `currency` text NOT NULL,
  `tax_name` text NOT NULL,
  `is_in_ammount_tax` text NOT NULL
) ENGINE=InnoDB DEFAULT CHARSET=utf8;

--
-- Дамп данных таблицы `price_type`
--

INSERT INTO `price_type` (`id`, `uid`, `name`, `currency`, `tax_name`, `is_in_ammount_tax`) VALUES
(1, 'd202f652-cda3-11e2-afb1-002618e81298', 'Оптовые', 'руб', 'НДС', 'true'),
(2, 'd202f656-cda3-11e2-afb1-002618e81298', 'Розничные', 'руб', 'НДС', 'true');

-- --------------------------------------------------------

--
-- Структура таблицы `product`
--

CREATE TABLE `product` (
  `id` int(11) NOT NULL,
  `article_site` text NOT NULL,
  `name` text NOT NULL,
  `alias` text NOT NULL
) ENGINE=InnoDB DEFAULT CHARSET=utf8;

--
-- Дамп данных таблицы `product`
--

INSERT INTO `product` (`id`, `article_site`, `name`, `alias`) VALUES
(1, 'Аэлита бандана лен', 'Аэлита', 'aelita-bandana-len'),
(2, 'Августина бандана лен', 'Августина', 'avgustina-bandana-len');

-- --------------------------------------------------------

--
-- Структура таблицы `product_category`
--

CREATE TABLE `product_category` (
  `id` int(11) NOT NULL,
  `uid` varchar(50) NOT NULL,
  `name` text NOT NULL,
  `uid_parent` varchar(50) DEFAULT NULL,
  `alias` text NOT NULL,
  `is_link` tinyint(1) NOT NULL
) ENGINE=InnoDB DEFAULT CHARSET=utf8;

--
-- Дамп данных таблицы `product_category`
--

INSERT INTO `product_category` (`id`, `uid`, `name`, `uid_parent`, `alias`, `is_link`) VALUES
(1, 'ab8eff2b-3c8e-45d8-aad2-b25f20dcb0a5', 'Взрослая коллекция', '', 'vzroslaya-kollekciya', 0),
(2, '4d19a48e-8220-4800-b441-c92aad6f0507', 'Демисезон', 'ab8eff2b-3c8e-45d8-aad2-b25f20dcb0a5', 'vzroslaya-kollekciya-demisezon', 1),
(3, '29bb24c3-9dc4-4090-a107-562417f7bb36', 'Зима', 'ab8eff2b-3c8e-45d8-aad2-b25f20dcb0a5', 'vzroslaya-kollekciya-zima', 1),
(4, '8f27581b-6fad-45b9-ba12-79eeff35353f', 'Лето', 'ab8eff2b-3c8e-45d8-aad2-b25f20dcb0a5', 'vzroslaya-kollekciya-leto', 1),
(5, '6cff0915-b3d4-4740-bbf2-cb9c9d9f81b4', 'Детская коллекция', '', 'detskaya-kollekciya', 0),
(6, '78d88df5-0e95-4bac-97dc-46b742674230', 'Демисезон', '6cff0915-b3d4-4740-bbf2-cb9c9d9f81b4', 'detskaya-kollekciya-demisezon', 1),
(7, '9284594d-0198-4cc7-8f9f-4edadc0f85ca', 'Зима', '6cff0915-b3d4-4740-bbf2-cb9c9d9f81b4', 'detskaya-kollekciya-zima', 1),
(8, 'dcaa16fd-fc6d-4b4f-86cb-89722b1067ed', 'Лето', '6cff0915-b3d4-4740-bbf2-cb9c9d9f81b4', 'detskaya-kollekciya-leto', 1),
(9, '8534fc7e-bb82-4d1b-ab76-36dcf2dda893', 'Раздел1', '', 'razdel1', 0),
(10, '5679ce92-9953-4f53-b7c1-f6f0650e89e2', 'Раздел2', '8534fc7e-bb82-4d1b-ab76-36dcf2dda893', 'razdel1-razdel2', 0),
(11, 'e2b1d2c8-a323-4fbd-86c6-d44f5355eb9e', 'Раздел3', '5679ce92-9953-4f53-b7c1-f6f0650e89e2', 'razdel1-razdel2-razdel3', 1);

-- --------------------------------------------------------

--
-- Структура таблицы `product_category_matching`
--

CREATE TABLE `product_category_matching` (
  `id` int(11) NOT NULL,
  `id_product` int(11) NOT NULL,
  `id_category` int(11) NOT NULL
) ENGINE=InnoDB DEFAULT CHARSET=utf8;

--
-- Дамп данных таблицы `product_category_matching`
--

INSERT INTO `product_category_matching` (`id`, `id_product`, `id_category`) VALUES
(1, 1, 3),
(2, 1, 2),
(3, 2, 4);

-- --------------------------------------------------------

--
-- Структура таблицы `product_price`
--

CREATE TABLE `product_price` (
  `id` int(11) NOT NULL,
  `id_product` int(11) DEFAULT NULL,
  `id_price_type` int(11) DEFAULT NULL,
  `present_price` text NOT NULL,
  `unit_price` float NOT NULL
) ENGINE=InnoDB DEFAULT CHARSET=utf8;

--
-- Дамп данных таблицы `product_price`
--

INSERT INTO `product_price` (`id`, `id_product`, `id_price_type`, `present_price`, `unit_price`) VALUES
(1, 1, 1, '1 035 руб за шт', 1035),
(2, 1, 2, '1 960 руб за шт', 1960),
(3, 2, 1, '1 230 руб за шт', 1230);

-- --------------------------------------------------------

--
-- Структура таблицы `product_property`
--

CREATE TABLE `product_property` (
  `id` int(11) NOT NULL,
  `uid` varchar(50) NOT NULL,
  `name` text NOT NULL,
  `alias` text NOT NULL
) ENGINE=InnoDB DEFAULT CHARSET=utf8;

--
-- Дамп данных таблицы `product_property`
--

INSERT INTO `product_property` (`id`, `uid`, `name`, `alias`) VALUES
(1, 'e71f0da2-095d-11e7-80c4-0cc47ad95011', 'Название для сайта', 'nazvanie-dlya-sayta'),
(2, '36995bfb-5104-11e7-80c9-0cc47ad95011', 'Модель', 'model'),
(3, '60b49f8b-54f9-11e7-80c9-0cc47ad95011', 'Состав', 'sostav'),
(4, '0bc48a48-2239-11e6-8115-8c89a5330538', 'Артикул - для сайта', 'artikul-dlya-sayta'),
(5, '23cdcf6c-2239-11e6-8115-8c89a5330538', 'Материал', 'material'),
(6, '6f57fa9e-2239-11e6-8115-8c89a5330538', 'Пол', 'pol'),
(7, '6f57fa9f-2239-11e6-8115-8c89a5330538', 'Возраст', 'vozrast'),
(8, 'a479ef73-223a-11e6-8115-8c89a5330538', 'Подкладка', 'podkladka'),
(9, '8d526dca-3c68-11e6-b3e2-8c89a5330538', 'Коллекция', 'kollekciya');

-- --------------------------------------------------------

--
-- Структура таблицы `product_property_matching`
--

CREATE TABLE `product_property_matching` (
  `id` int(11) NOT NULL,
  `id_product` int(11) NOT NULL,
  `id_property` int(11) NOT NULL,
  `id_property_value` int(11) NOT NULL
) ENGINE=InnoDB DEFAULT CHARSET=utf8;

--
-- Дамп данных таблицы `product_property_matching`
--

INSERT INTO `product_property_matching` (`id`, `id_product`, `id_property`, `id_property_value`) VALUES
(1, 1, 5, 156),
(2, 1, 6, 189),
(3, 1, 7, 190),
(4, 1, 9, 198),
(5, 2, 5, 156),
(6, 2, 6, 189),
(7, 2, 7, 190),
(8, 2, 9, 198),
(9, 1, 2, 1),
(10, 1, 3, 116),
(11, 2, 2, 1),
(12, 2, 3, 116);

-- --------------------------------------------------------

--
-- Структура таблицы `product_property_value`
--

CREATE TABLE `product_property_value` (
  `id` int(11) NOT NULL,
  `uid` varchar(50) NOT NULL,
  `value` text NOT NULL,
  `id_property_name` int(11) NOT NULL
) ENGINE=InnoDB DEFAULT CHARSET=utf8;

--
-- Дамп данных таблицы `product_property_value`
--

INSERT INTO `product_property_value` (`id`, `uid`, `value`, `id_property_name`) VALUES
(1, '36995bfc-5104-11e7-80c9-0cc47ad95011', 'Бандана', 2),
(2, '417f4678-5104-11e7-80c9-0cc47ad95011', 'Бандана козырек', 2),
(3, '417f4679-5104-11e7-80c9-0cc47ad95011', 'Бейсболка', 2),
(4, '4a81140f-5104-11e7-80c9-0cc47ad95011', 'Берет', 2),
(5, '52303240-5104-11e7-80c9-0cc47ad95011', 'Капюшон', 2),
(6, '52303241-5104-11e7-80c9-0cc47ad95011', 'Кепка', 2),
(7, '5aaf1a7c-5104-11e7-80c9-0cc47ad95011', 'Клош', 2),
(8, '5aaf1a7d-5104-11e7-80c9-0cc47ad95011', 'Козырек', 2),
(9, '62845d10-5104-11e7-80c9-0cc47ad95011', 'Комплект', 2),
(10, '62845d11-5104-11e7-80c9-0cc47ad95011', 'Косынка', 2),
(11, '6b329ccc-5104-11e7-80c9-0cc47ad95011', 'Наушники', 2),
(12, '6b329ccd-5104-11e7-80c9-0cc47ad95011', 'Палантин', 2),
(13, '730f0565-5104-11e7-80c9-0cc47ad95011', 'Панама', 2),
(14, '730f0566-5104-11e7-80c9-0cc47ad95011', 'Пилотка', 2),
(15, '7bc93cb4-5104-11e7-80c9-0cc47ad95011', 'Платок', 2),
(16, '7bc93cb5-5104-11e7-80c9-0cc47ad95011', 'Повязка', 2),
(17, '85a3ff0e-5104-11e7-80c9-0cc47ad95011', 'Подушка', 2),
(18, '85a3ff0f-5104-11e7-80c9-0cc47ad95011', 'Прочее', 2),
(19, '8ea5b0f2-5104-11e7-80c9-0cc47ad95011', 'Снуд', 2),
(20, '8ea5b0f3-5104-11e7-80c9-0cc47ad95011', 'Сырье берет с отворотом', 2),
(21, '99039086-5104-11e7-80c9-0cc47ad95011', 'Сырье колпак', 2),
(22, '99039087-5104-11e7-80c9-0cc47ad95011', 'Ушанка', 2),
(23, 'a199f651-5104-11e7-80c9-0cc47ad95011', 'Чалма', 2),
(24, 'a199f652-5104-11e7-80c9-0cc47ad95011', 'Шапка', 2),
(25, 'a9a873d6-5104-11e7-80c9-0cc47ad95011', 'Шапочка', 2),
(26, 'f067c87b-5104-11e7-80c9-0cc47ad95011', 'Шарф', 2),
(27, '2fcdf18a-5105-11e7-80c9-0cc47ad95011', 'Шарф-капюшон', 2),
(28, '2fcdf18b-5105-11e7-80c9-0cc47ad95011', 'Шарф-хомут', 2),
(29, '39feb894-5105-11e7-80c9-0cc47ad95011', 'Шляпа', 2),
(30, '407d8f01-5105-11e7-80c9-0cc47ad95011', 'Шляпка', 2),
(31, '8a65c3c1-510e-11e7-80c9-0cc47ad95011', '', 2),
(32, 'aa620a16-6dea-11e7-80ca-0cc47ad95011', 'Воротник-хомут ', 2),
(33, '729791b3-066e-11e8-80d3-0cc47ad95011', 'Манишка', 2),
(34, '1f4551e6-1613-11e8-80d4-0cc47ad95011', 'Подставка', 2),
(35, '31aa30f4-160d-11e8-80d4-0cc47ad95011', 'Вешалка', 2),
(36, 'daf260fb-8b50-11e8-80e6-0cc47ad95011', 'Шапка + снуд', 2),
(37, 'daf260fc-8b50-11e8-80e6-0cc47ad95011', 'Шапка +снуд', 2),
(38, '4ac77d34-9969-11e8-80e8-0cc47ad95011', 'Снуд перекрут', 2),
(39, '0ea0663f-8e55-11e8-80e7-0cc47ad95011', 'шапка + воротник - хомут', 2),
(40, 'be548d91-8c19-11e8-80e7-0cc47ad95011', 'шапка + хомут', 2),
(41, '081531d5-8a57-11e8-80e6-0cc47ad95011', 'Перчатки короткие', 2),
(42, 'fd40e844-283c-11e8-80d5-0cc47ad95011', 'Перчатки', 2),
(43, 'd4eae1fb-8996-11e8-80e6-0cc47ad95011', 'Шапка + шарф', 2),
(44, '07de6c9e-8997-11e8-80e6-0cc47ad95011', 'Шапка +шарф', 2),
(45, '4d209623-8a56-11e8-80e6-0cc47ad95011', 'Перчатки длинные', 2),
(46, 'ed4d981e-8988-11e8-80e6-0cc47ad95011', 'Берет + снуд', 2),
(47, '9b9aacb2-6faa-11e8-80e3-0cc47ad95011', 'Берет на тр.н.', 2),
(48, '51493fcb-a057-11e8-80e8-0cc47ad95011', 'Берет - шапочка', 2),
(49, '76108470-a08d-11e8-80e8-0cc47ad95011', 'Хомут', 2),
(50, '5d86db19-c0c3-11e8-80ef-0cc47ad95011', 'Берет + шарф', 2),
(51, 'd4966f5b-c7d6-11e8-80ef-0cc47ad95011', 'Шапочка+хомут', 2),
(52, 'b2588a51-cba9-11e8-80ef-0cc47ad95011', 'Шапочка+снуд', 2),
(53, '795b6f5e-9bd5-11e8-80e8-0cc47ad95011', 'Искусственная лаковая кожа 100%', 3),
(54, '6bc646d7-d108-11e8-80ef-0cc47ad95011', 'Шерсть 46%,мохер 24%,вискоза 18%,полиамид 12%', 3),
(55, 'bf8ab4e4-bda7-11e8-80ef-0cc47ad95011', 'хлопок 60%,акрилик 40%', 3),
(56, '7877ccbc-9c77-11e8-80e8-0cc47ad95011', 'Искусственная кожа 100%', 3),
(57, 'e7a4d8ee-bc0a-11e8-80ef-0cc47ad95011', 'хлопок 50%,акрилик 50%', 3),
(58, '29a3f13d-a44b-11e8-80e8-0cc47ad95011', 'Шерсть 75% вискоза 25%', 3),
(59, 'bb5eadd0-6bcc-11e8-80e2-0cc47ad95011', 'Шерсть 40%, акрилик 40%, ангора 20%', 3),
(60, 'decb9ea2-6fc2-11e8-80e3-0cc47ad95011', 'Полиэстер 55%, вискоза 40%, эластан 5%', 3),
(61, 'f23befbd-6fc5-11e8-80e3-0cc47ad95011', 'Кожа натуральная 100%', 3),
(62, 'e29b4366-6fc9-11e8-80e3-0cc47ad95011', 'Лен натуральный 60%, шелк 30%, металлизированная нить 10%', 3),
(63, 'bef4eaa6-7913-11e8-80e3-0cc47ad95011', 'Замша искусственная 100%', 3),
(64, 'a3001f25-93e4-11e8-80e7-0cc47ad95011', 'Вирджинская шерсть 70%,  шерсть ангорской козы 25%, полиамид 5% ; ', 3),
(65, '94525d0f-9ba6-11e8-80e8-0cc47ad95011', 'Шерсть 80%, шелк 10%, модал 10%', 3),
(66, '0e62fda1-8f0c-11e8-80e7-0cc47ad95011', 'Шерсть 10%, полиамид 25%, ангора 50%, вискоза 15%', 3),
(67, 'f82cee6a-8f36-11e8-80e7-0cc47ad95011', 'Полиамид 50%, мохер 46%, шерсть 4%', 3),
(68, 'cfa69377-8f37-11e8-80e7-0cc47ad95011', 'Ангора 60%, полиамид 40%', 3),
(69, '8ca8d3ea-7491-11e8-80e3-0cc47ad95011', 'Вискоза 40%, акрил 30%, полиэстер 30%', 3),
(70, '34f4b5e2-745f-11e8-80e3-0cc47ad95011', 'Шерсть 80%, акрил 20%', 3),
(71, '9517c0ad-7460-11e8-80e3-0cc47ad95011', 'мутон натуральный 100%', 3),
(72, '60b5457e-706d-11e8-80e3-0cc47ad95011', 'Микрофибра 58%, хлопок 35%, лайкра 7%', 3),
(73, 'fccd2606-1bb8-11e8-80d4-0cc47ad95011', 'Полиэстер 55%, бумага 45%', 3),
(74, '37e9c7b0-1bb9-11e8-80d4-0cc47ad95011', 'Бумага 88%, полиэстер 12%', 3),
(75, '8f901d74-25f7-11e8-80d5-0cc47ad95011', 'Бумага 80%, полиэстер 20%', 3),
(76, 'd006e5c1-1c53-11e8-80d4-0cc47ad95011', 'Вискоза 53%, хлопок 47%', 3),
(77, '3031cdae-1c71-11e8-80d4-0cc47ad95011', 'Шерсть 50%, полиэстер 45%, металлизированная нить 5%', 3),
(78, '305bfe54-0b29-11e8-80d3-0cc47ad95011', 'Шерсть 36%, мохер 33%, полиэтилен 13%, акрилик 10%, полиэстер 8%', 3),
(79, 'bc336b15-0ff8-11e8-80d4-0cc47ad95011', 'Полиэстер 65%, вискоза 30%, эластан 5%', 3),
(80, '8f44944f-0ff9-11e8-80d4-0cc47ad95011', 'Шерсть 69%, полиэстер 30%, эластан 1%', 3),
(81, '15f3e85b-f509-11e7-80d1-0cc47ad95011', 'Хлопок 92%, эластан 8%', 3),
(82, '52294428-b8be-11e7-80cf-0cc47ad95011', 'Мех кролика 40%, полиамид 30%, ангора 20%, шерсть 10%', 3),
(83, '004acbff-b4ad-11e7-80ce-0cc47ad95011', 'Шерсть 100%', 3),
(84, '0c7486ed-f6ba-11e7-80d3-0cc47ad95011', 'Овчина натуральная 100%', 3),
(85, '6d9fb24e-f6cf-11e7-80d3-0cc47ad95011', 'Шерсть 38%, мохер 24%, полиэстер 23%, акрил 10%, хлопок 5%', 3),
(86, 'e9cf17fd-aff0-11e7-80ce-0cc47ad95011', 'Полиамид 40%, шерсть 30%, металлизированное волокно 30%', 3),
(87, '401c4243-aff6-11e7-80ce-0cc47ad95011', 'Шерсть 60%, акрилик 32%, альпака 8%', 3),
(88, 'f1f52dc3-573a-11e7-80c9-0cc47ad95011', 'Шерсть 60%, полиэстер 30%, кашемир 10%', 3),
(89, 'ff8c06a9-af3f-11e7-80ce-0cc47ad95011', 'Шерсть 80%, полиэстер 20%, кролик 100%', 3),
(90, '89ac2ea4-af33-11e7-80ce-0cc47ad95011', 'Шерсть 80%, полиэстер 20%', 3),
(91, '0607c635-af1f-11e7-80ce-0cc47ad95011', 'Шерсть 52%, акрил 30%, полиэстер 10%, альпака 8%', 3),
(92, '8c088658-afe4-11e7-80ce-0cc47ad95011', 'Полиамид 70%, шерсть 30%, натуральный песец 100%', 3),
(93, '65cdc993-afe8-11e7-80ce-0cc47ad95011', 'Полиэстер 85%, шерсть 15%, помпон натуральный песец 100%', 3),
(94, '07d501a9-af5c-11e7-80ce-0cc47ad95011', 'Полиамид 80%, шерсть 15%, лама 5%, помпон натуральный песец 100%', 3),
(95, '81c9934f-af58-11e7-80ce-0cc47ad95011', 'Шерсть 60%, акрилик 28%, кашемир 12%', 3),
(96, '00a7457e-afe3-11e7-80ce-0cc47ad95011', 'Полиамид 70%, шерсть 30%', 3),
(97, '32443522-af4d-11e7-80ce-0cc47ad95011', 'Кролик 100%', 3),
(98, '39334901-af4e-11e7-80ce-0cc47ad95011', 'Шерсть 80%, полиэстер 20%, помпон енот 100%', 3),
(99, 'd0b9c943-af47-11e7-80ce-0cc47ad95011', 'Шерсть 70%, акрилик 30%', 3),
(100, '32af3e86-af49-11e7-80ce-0cc47ad95011', 'Полиэстер 85%, шерсть 15%', 3),
(101, '54dea88d-af46-11e7-80ce-0cc47ad95011', 'Шерсть 50%, полиамид 50%', 3),
(102, '441927bc-af39-11e7-80ce-0cc47ad95011', 'Шерсть 80%, полиэстер 20%, помпон натуральный песец 100%', 3),
(103, 'e469c950-af3a-11e7-80ce-0cc47ad95011', 'Шерсть 60%, полиэстер 34%, мохер 6% ', 3),
(104, 'cb71f434-5803-11e7-80c9-0cc47ad95011', 'Виржинская шерсть 70%, ангора 25%, полиамид 5%', 3),
(105, '7eadf22d-5804-11e7-80c9-0cc47ad95011', 'Замша натуральная 100%', 3),
(106, '16609391-5809-11e7-80c9-0cc47ad95011', 'Шерсть 72%, вискоза 28%', 3),
(107, '5c896604-5809-11e7-80c9-0cc47ad95011', 'Шерсть 50%, полиэстер 50%', 3),
(108, 'ae8ee7d2-580a-11e7-80c9-0cc47ad95011', 'Шерсть 60%, акрилик 40%', 3),
(109, '0387efed-580b-11e7-80c9-0cc47ad95011', 'Полиамид 50%, вискоза 20%, район 20%, шерсть 5%, шелк 5%', 3),
(110, '4f049fa3-580b-11e7-80c9-0cc47ad95011', 'Вискоза 40%, полиэстер 55%, эластан 5%', 3),
(111, '8c8570ae-580b-11e7-80c9-0cc47ad95011', 'Шерсть 55%, полиамид 20%, вирджинская шерсть 15%, полиэстер 10%', 3),
(112, 'c99d7484-580b-11e7-80c9-0cc47ad95011', 'Шерсть 52%, полиамид 30%, полиэстер 14%, виржинская шерсть 4%', 3),
(113, '05c3dba4-580c-11e7-80c9-0cc47ad95011', 'Вискоза 39%, акрилик 30%, шерсть 21%, кашемир 8%, эластан 2%', 3),
(114, 'd5a09679-580d-11e7-80c9-0cc47ad95011', 'Шерсть 69%, полиэстер 30%, эластан 1%', 3),
(115, '6e2b2c41-580e-11e7-80c9-0cc47ad95011', 'Шерсть 63%, полиамид 20%, шерсть альпака 17%', 3),
(116, '48931ee2-5736-11e7-80c9-0cc47ad95011', 'Лен натуральный 100%', 3),
(117, '1e7a4d84-144f-11e7-80c5-0cc47ad95011', 'Трикотаж Б3', 5),
(118, '7408569b-6d53-11e7-80ca-0cc47ad95011', 'Трикотаж Северное сияние ', 5),
(119, '7b532842-6d53-11e7-80ca-0cc47ad95011', 'Трикотаж Метелица', 5),
(120, '35c8899b-9eb2-11e7-80ce-0cc47ad95011', 'Кролик', 5),
(121, '348bdea1-af1e-11e7-80ce-0cc47ad95011', 'Вязка', 5),
(122, 'd489cb18-30c2-11e7-80c6-0cc47ad95011', 'Трикотаж К3', 5),
(123, 'c616f81c-b4ad-11e7-80ce-0cc47ad95011', 'Валяная шерсть', 5),
(124, '31f72dc6-07f8-11e8-80d3-0cc47ad95011', 'Кожа', 5),
(125, '0591d6a8-0ffe-11e8-80d4-0cc47ad95011', 'Твид ёлка', 5),
(126, '8b1bbcc7-0ff7-11e8-80d4-0cc47ad95011', 'Велюр', 5),
(127, '8af9b43f-07f4-11e8-80d3-0cc47ad95011', 'Трикотаж травка', 5),
(128, '136baa3c-1c71-11e8-80d4-0cc47ad95011', 'Трикотаж с люрексом', 5),
(129, '3fec550a-123d-11e8-80d4-0cc47ad95011', 'Ткань Космос', 5),
(130, '448e2f2b-123e-11e8-80d4-0cc47ad95011', 'Твил ', 5),
(131, '45a8c419-1bb6-11e8-80d4-0cc47ad95011', 'Солома', 5),
(132, 'a91ee525-1b98-11e8-80d4-0cc47ad95011', 'Фатин', 5),
(133, 'f70845cc-1b9b-11e8-80d4-0cc47ad95011', 'Ткань Пикассо', 5),
(134, '630572fd-7071-11e8-80e3-0cc47ad95011', 'Сукно', 5),
(135, '94998e3f-7913-11e8-80e3-0cc47ad95011', 'Замша искусственная', 5),
(136, 'a352623d-8351-11e8-80e5-0cc47ad95011', 'Букле шерсть', 5),
(137, '061e3aa4-8a62-11e8-80e6-0cc47ad95011', 'Трикотаж утепленный', 5),
(138, '7ab26acc-6ef4-11e8-80e3-0cc47ad95011', 'Северное сияние', 5),
(139, '3d2f3b53-706c-11e8-80e3-0cc47ad95011', 'Трикотаж ', 5),
(140, 'e6515d3f-73bb-11e8-80e3-0cc47ad95011', 'шерсть', 5),
(141, 'a346f558-7095-11e8-80e3-0cc47ad95011', 'Тонак-Ангора', 5),
(142, 'f0d90b24-738e-11e8-80e3-0cc47ad95011', 'Твид ', 5),
(143, 'ecd44a01-6fb9-11e8-80e3-0cc47ad95011', 'шерсть вареная', 5),
(144, 'd2d37220-6bb2-11e8-80e2-0cc47ad95011', 'Ткань ассортимент', 5),
(145, 'cb7a7c5c-67c3-11e8-80e2-0cc47ad95011', 'Шанель', 5),
(146, 'd4bbb2a7-67e3-11e8-80e2-0cc47ad95011', 'Твид-меланж', 5),
(147, '2dbb1e19-6892-11e8-80e2-0cc47ad95011', 'Трикотаж буклированный', 5),
(148, '7b0984ee-6b0e-11e8-80e2-0cc47ad95011', 'Тонак', 5),
(149, '24ebc20b-b761-11e8-80eb-0cc47ad95011', 'Трикотаж елочка', 5),
(150, '85492abb-9c77-11e8-80e8-0cc47ad95011', 'Искуственная кожа', 5),
(151, '53bb856d-9bd4-11e8-80e8-0cc47ad95011', 'Лак', 5),
(152, 'b7a5151a-c7d6-11e8-80ef-0cc47ad95011', 'Трикотаж люрекс', 5),
(153, '23eca805-bd9d-11e8-80ef-0cc47ad95011', 'Твид клетка', 5),
(154, '20b4af0b-c704-11e8-80ef-0cc47ad95011', 'Ткань твид ', 5),
(155, 'c13e75b2-2884-11e6-8115-8c89a5330538', 'Кашемир', 5),
(156, 'f0a7fe47-2884-11e6-8115-8c89a5330538', 'Лён', 5),
(157, '08f68859-2894-11e6-8115-8c89a5330538', 'Трикотаж Б1', 5),
(158, '7d1c49f8-2894-11e6-8115-8c89a5330538', 'Мутон', 5),
(159, '7d1c49f9-2894-11e6-8115-8c89a5330538', 'Астраган', 5),
(160, '9c512e02-2894-11e6-8115-8c89a5330538', 'Замша', 5),
(161, '0e603ccd-2895-11e6-8115-8c89a5330538', 'Ангора', 5),
(162, '8271cd15-2897-11e6-8115-8c89a5330538', 'Мех', 5),
(163, 'cc736f2d-2897-11e6-8115-8c89a5330538', 'Замша', 5),
(164, 'dc430f42-2897-11e6-8115-8c89a5330538', 'Замша с норкой', 5),
(165, '0588b266-2898-11e6-8115-8c89a5330538', 'Хлопок', 5),
(166, '133f078d-2898-11e6-8115-8c89a5330538', 'Трикотаж', 5),
(167, '133f078e-2898-11e6-8115-8c89a5330538', 'Шерсть', 5),
(168, '4c48fffb-2898-11e6-8115-8c89a5330538', 'Трикотаж Б2', 5),
(169, '8a3fd385-289a-11e6-8115-8c89a5330538', 'Трикотаж К1', 5),
(170, '9301c698-289a-11e6-8115-8c89a5330538', 'Трикотаж К2', 5),
(171, '9301c699-289a-11e6-8115-8c89a5330538', 'Кашемир', 5),
(172, 'a51e457c-289a-11e6-8115-8c89a5330538', 'Кашемир с норкой', 5),
(173, 'b960e0be-289a-11e6-8115-8c89a5330538', 'Пайетки шерсть', 5),
(174, 'b0cd92ad-289c-11e6-8115-8c89a5330538', 'Ангорка трикотаж', 5),
(175, 'ba1643ea-289c-11e6-8115-8c89a5330538', 'Букле мохер шерсть', 5),
(176, 'c0ac0009-289c-11e6-8115-8c89a5330538', 'Люрекс мохер шерсть', 5),
(177, 'd5dd4489-289c-11e6-8115-8c89a5330538', 'Петелька крупная букле шерсть', 5),
(178, 'd5dd448a-289c-11e6-8115-8c89a5330538', 'Петелька мелкая букле шерсть', 5),
(179, '1faa8f6d-289d-11e6-8115-8c89a5330538', 'Петелька букле шерсть', 5),
(180, '2e2792dc-289d-11e6-8115-8c89a5330538', 'Букле шерсть (старая)', 5),
(181, '1bba235b-2c95-11e6-8115-8c89a5330538', 'Трикотаж Д1', 5),
(182, '1bba235c-2c95-11e6-8115-8c89a5330538', 'Трикотаж косичка', 5),
(183, 'a77ca879-d1df-11e8-80ef-0cc47ad95011', 'Кожа перфорация', 5),
(184, 'f7c21269-d2af-11e8-80ef-0cc47ad95011', 'трикотаж кружево', 5),
(185, '71c0e6e4-d2ae-11e8-80ef-0cc47ad95011', 'Шелк армани', 5),
(186, 'cc7d0cee-289d-11e6-8115-8c89a5330538', 'Мохер шерсть', 5),
(187, '426a4080-1604-11e7-80c5-0cc47ad95011', 'Девочки', 6),
(188, 'd9984492-1d1a-11e8-80d4-0cc47ad95011', 'Мальчики', 6),
(189, '5cd8ecb3-289d-11e6-8115-8c89a5330538', 'Женский', 6),
(190, '17366c2a-3c4a-11e6-b3e2-8c89a5330538', 'Взрослый', 7),
(191, '81969448-1089-11e7-80c5-0cc47ad95011', 'Дети', 7),
(192, 'b13ce46e-1083-11e7-80c4-0cc47ad95011', 'Подростки', 7),
(193, '216ec4bb-9d1d-11e7-80ce-0cc47ad95011', 'Искуственный мех', 8),
(194, 'afdf2aaa-6063-11e6-bbbd-8c89a5330538', 'Трикотажная подкладка', 8),
(195, '243a708f-6072-11e6-bbbd-8c89a5330538', 'Вискозная подкладка', 8),
(196, '664d1b63-289d-11e6-8115-8c89a5330538', 'Флис подкладка', 8),
(197, 'ff46507f-4814-11e6-a653-8c89a5330538', 'Демисезон', 9),
(198, 'c2af670e-3c68-11e6-b3e2-8c89a5330538', 'Лето', 9),
(199, '121ff4ef-8706-11e6-b72e-8c89a5330538', 'Зима', 9),
(200, 'ec30fd63-2ff1-11e7-80c6-0cc47ad95011', 'Весна-Осень', 9);

-- --------------------------------------------------------

--
-- Структура таблицы `warehouse`
--

CREATE TABLE `warehouse` (
  `id` int(11) NOT NULL,
  `uid` varchar(50) NOT NULL,
  `name` text NOT NULL
) ENGINE=InnoDB DEFAULT CHARSET=utf8;

--
-- Дамп данных таблицы `warehouse`
--

INSERT INTO `warehouse` (`id`, `uid`, `name`) VALUES
(1, '23fa1ecf-cac9-11e5-985d-8c89a5330538', 'ЛевелПро');

--
-- Индексы сохранённых таблиц
--

--
-- Индексы таблицы `offer`
--
ALTER TABLE `offer`
  ADD PRIMARY KEY (`id`),
  ADD KEY `offer_fk0` (`id_product`);

--
-- Индексы таблицы `offer_photo`
--
ALTER TABLE `offer_photo`
  ADD PRIMARY KEY (`id`),
  ADD KEY `offer_photo_fk0` (`id_offer`),
  ADD KEY `offer_photo_fk1` (`id_photo`);

--
-- Индексы таблицы `offer_property`
--
ALTER TABLE `offer_property`
  ADD PRIMARY KEY (`id`);

--
-- Индексы таблицы `offer_property_matching`
--
ALTER TABLE `offer_property_matching`
  ADD PRIMARY KEY (`id`),
  ADD KEY `offer_property_matching_fk0` (`id_offer`),
  ADD KEY `offer_property_matching_fk1` (`id_property`),
  ADD KEY `offer_property_matching_fk2` (`id_property_value`);

--
-- Индексы таблицы `offer_property_value`
--
ALTER TABLE `offer_property_value`
  ADD PRIMARY KEY (`id`),
  ADD KEY `offer_property_value_fk0` (`id_property_name`);

--
-- Индексы таблицы `offer_rests`
--
ALTER TABLE `offer_rests`
  ADD PRIMARY KEY (`id`),
  ADD KEY `offer_rests_fk0` (`id_offer`),
  ADD KEY `offer_rests_fk1` (`id_warehouse`);

--
-- Индексы таблицы `photo`
--
ALTER TABLE `photo`
  ADD PRIMARY KEY (`id`);

--
-- Индексы таблицы `price_type`
--
ALTER TABLE `price_type`
  ADD PRIMARY KEY (`id`);

--
-- Индексы таблицы `product`
--
ALTER TABLE `product`
  ADD PRIMARY KEY (`id`);

--
-- Индексы таблицы `product_category`
--
ALTER TABLE `product_category`
  ADD PRIMARY KEY (`id`);

--
-- Индексы таблицы `product_category_matching`
--
ALTER TABLE `product_category_matching`
  ADD PRIMARY KEY (`id`),
  ADD KEY `category_product_matching_fk0` (`id_product`),
  ADD KEY `category_product_matching_fk1` (`id_category`);

--
-- Индексы таблицы `product_price`
--
ALTER TABLE `product_price`
  ADD PRIMARY KEY (`id`),
  ADD KEY `product_price_fk0` (`id_price_type`),
  ADD KEY `product_price_fk1` (`id_product`);

--
-- Индексы таблицы `product_property`
--
ALTER TABLE `product_property`
  ADD PRIMARY KEY (`id`);

--
-- Индексы таблицы `product_property_matching`
--
ALTER TABLE `product_property_matching`
  ADD PRIMARY KEY (`id`),
  ADD KEY `product_property_matching_fk0` (`id_product`),
  ADD KEY `product_property_matching_fk1` (`id_property`),
  ADD KEY `product_property_matching_fk2` (`id_property_value`);

--
-- Индексы таблицы `product_property_value`
--
ALTER TABLE `product_property_value`
  ADD PRIMARY KEY (`id`),
  ADD KEY `product_property_value_fk0` (`id_property_name`);

--
-- Индексы таблицы `warehouse`
--
ALTER TABLE `warehouse`
  ADD PRIMARY KEY (`id`);

--
-- AUTO_INCREMENT для сохранённых таблиц
--

--
-- AUTO_INCREMENT для таблицы `offer`
--
ALTER TABLE `offer`
  MODIFY `id` int(11) NOT NULL AUTO_INCREMENT, AUTO_INCREMENT=17;
--
-- AUTO_INCREMENT для таблицы `offer_photo`
--
ALTER TABLE `offer_photo`
  MODIFY `id` int(11) NOT NULL AUTO_INCREMENT, AUTO_INCREMENT=8;
--
-- AUTO_INCREMENT для таблицы `offer_property`
--
ALTER TABLE `offer_property`
  MODIFY `id` int(11) NOT NULL AUTO_INCREMENT, AUTO_INCREMENT=6;
--
-- AUTO_INCREMENT для таблицы `offer_property_matching`
--
ALTER TABLE `offer_property_matching`
  MODIFY `id` int(11) NOT NULL AUTO_INCREMENT, AUTO_INCREMENT=81;
--
-- AUTO_INCREMENT для таблицы `offer_property_value`
--
ALTER TABLE `offer_property_value`
  MODIFY `id` int(11) NOT NULL AUTO_INCREMENT, AUTO_INCREMENT=1275;
--
-- AUTO_INCREMENT для таблицы `offer_rests`
--
ALTER TABLE `offer_rests`
  MODIFY `id` int(11) NOT NULL AUTO_INCREMENT, AUTO_INCREMENT=17;
--
-- AUTO_INCREMENT для таблицы `photo`
--
ALTER TABLE `photo`
  MODIFY `id` int(11) NOT NULL AUTO_INCREMENT, AUTO_INCREMENT=8;
--
-- AUTO_INCREMENT для таблицы `price_type`
--
ALTER TABLE `price_type`
  MODIFY `id` int(11) NOT NULL AUTO_INCREMENT, AUTO_INCREMENT=3;
--
-- AUTO_INCREMENT для таблицы `product`
--
ALTER TABLE `product`
  MODIFY `id` int(11) NOT NULL AUTO_INCREMENT, AUTO_INCREMENT=3;
--
-- AUTO_INCREMENT для таблицы `product_category`
--
ALTER TABLE `product_category`
  MODIFY `id` int(11) NOT NULL AUTO_INCREMENT, AUTO_INCREMENT=12;
--
-- AUTO_INCREMENT для таблицы `product_category_matching`
--
ALTER TABLE `product_category_matching`
  MODIFY `id` int(11) NOT NULL AUTO_INCREMENT, AUTO_INCREMENT=4;
--
-- AUTO_INCREMENT для таблицы `product_price`
--
ALTER TABLE `product_price`
  MODIFY `id` int(11) NOT NULL AUTO_INCREMENT, AUTO_INCREMENT=4;
--
-- AUTO_INCREMENT для таблицы `product_property`
--
ALTER TABLE `product_property`
  MODIFY `id` int(11) NOT NULL AUTO_INCREMENT, AUTO_INCREMENT=10;
--
-- AUTO_INCREMENT для таблицы `product_property_matching`
--
ALTER TABLE `product_property_matching`
  MODIFY `id` int(11) NOT NULL AUTO_INCREMENT, AUTO_INCREMENT=13;
--
-- AUTO_INCREMENT для таблицы `product_property_value`
--
ALTER TABLE `product_property_value`
  MODIFY `id` int(11) NOT NULL AUTO_INCREMENT, AUTO_INCREMENT=201;
--
-- AUTO_INCREMENT для таблицы `warehouse`
--
ALTER TABLE `warehouse`
  MODIFY `id` int(11) NOT NULL AUTO_INCREMENT, AUTO_INCREMENT=2;
--
-- Ограничения внешнего ключа сохраненных таблиц
--

--
-- Ограничения внешнего ключа таблицы `offer`
--
ALTER TABLE `offer`
  ADD CONSTRAINT `offer_fk0` FOREIGN KEY (`id_product`) REFERENCES `product` (`id`);

--
-- Ограничения внешнего ключа таблицы `offer_photo`
--
ALTER TABLE `offer_photo`
  ADD CONSTRAINT `offer_photo_fk0` FOREIGN KEY (`id_offer`) REFERENCES `offer` (`id`),
  ADD CONSTRAINT `offer_photo_fk1` FOREIGN KEY (`id_photo`) REFERENCES `photo` (`id`);

--
-- Ограничения внешнего ключа таблицы `offer_property_matching`
--
ALTER TABLE `offer_property_matching`
  ADD CONSTRAINT `offer_property_matching_fk0` FOREIGN KEY (`id_offer`) REFERENCES `offer` (`id`),
  ADD CONSTRAINT `offer_property_matching_fk1` FOREIGN KEY (`id_property`) REFERENCES `offer_property` (`id`),
  ADD CONSTRAINT `offer_property_matching_fk2` FOREIGN KEY (`id_property_value`) REFERENCES `offer_property_value` (`id`);

--
-- Ограничения внешнего ключа таблицы `offer_property_value`
--
ALTER TABLE `offer_property_value`
  ADD CONSTRAINT `offer_property_value_fk0` FOREIGN KEY (`id_property_name`) REFERENCES `offer_property` (`id`);

--
-- Ограничения внешнего ключа таблицы `offer_rests`
--
ALTER TABLE `offer_rests`
  ADD CONSTRAINT `offer_rests_fk0` FOREIGN KEY (`id_offer`) REFERENCES `offer` (`id`),
  ADD CONSTRAINT `offer_rests_fk1` FOREIGN KEY (`id_warehouse`) REFERENCES `warehouse` (`id`);

--
-- Ограничения внешнего ключа таблицы `product_category_matching`
--
ALTER TABLE `product_category_matching`
  ADD CONSTRAINT `category_product_matching_fk0` FOREIGN KEY (`id_product`) REFERENCES `product` (`id`),
  ADD CONSTRAINT `category_product_matching_fk1` FOREIGN KEY (`id_category`) REFERENCES `product_category` (`id`);

--
-- Ограничения внешнего ключа таблицы `product_price`
--
ALTER TABLE `product_price`
  ADD CONSTRAINT `product_price_fk0` FOREIGN KEY (`id_price_type`) REFERENCES `price_type` (`id`),
  ADD CONSTRAINT `product_price_fk1` FOREIGN KEY (`id_product`) REFERENCES `product` (`id`);

--
-- Ограничения внешнего ключа таблицы `product_property_matching`
--
ALTER TABLE `product_property_matching`
  ADD CONSTRAINT `product_property_matching_fk0` FOREIGN KEY (`id_product`) REFERENCES `product` (`id`),
  ADD CONSTRAINT `product_property_matching_fk1` FOREIGN KEY (`id_property`) REFERENCES `product_property` (`id`),
  ADD CONSTRAINT `product_property_matching_fk2` FOREIGN KEY (`id_property_value`) REFERENCES `product_property_value` (`id`);

--
-- Ограничения внешнего ключа таблицы `product_property_value`
--
ALTER TABLE `product_property_value`
  ADD CONSTRAINT `product_property_value_fk0` FOREIGN KEY (`id_property_name`) REFERENCES `product_property` (`id`);

/*!40101 SET CHARACTER_SET_CLIENT=@OLD_CHARACTER_SET_CLIENT */;
/*!40101 SET CHARACTER_SET_RESULTS=@OLD_CHARACTER_SET_RESULTS */;
/*!40101 SET COLLATION_CONNECTION=@OLD_COLLATION_CONNECTION */;
